date;infected;seroprevlence;Pfizer - vaccinated;Pfizer;Moderna - vaccinated;moderna;AstraZeneca - vaccinated;Azeneca;CureVac-vaccinated;CureVac;Janssen - vaccinated;Janssen;Moderna-top-up-vac;moderna-top-up;Novavax-vac;Novavax;Valneva-va;Valneva;Sanofi - vaccinated;Sanofi;total.vaccinated;total.pop;a60p;a70p;a80p;a90p
2020-12-27;750000;1700000;0;0;0;;0;;;;0;;;;;;;;0;;0;17461543;10476926;12223080;13969234;15715389
2020-12-28;750000;1700000;21816;43631;0;;0;;;;0;;;;;;;;0;;21816;17461543;10476926;12223080;13969234;15715389
2020-12-29;750000;1700000;43631;87263;0;;0;;;;0;;;;;;;;0;;43631;17461543;10476926;12223080;13969234;15715389
2020-12-30;750000;1700000;65447;130894;0;;0;;;;0;;;;;;;;0;;65447;17461543;10476926;12223080;13969234;15715389
2020-12-31;750000;1700000;82388;164775;0;;0;;;;0;;;;;;;;0;;82388;17461543;10476926;12223080;13969234;15715389
2021-01-01;750000;1700000;91417;182835;0;0;0;;;;0;;;;;;;;0;;91417;17461543;10476926;12223080;13969234;15715389
2021-01-02;750000;1700000;100447;200894;0;0;0;;;;0;;;;;;;;0;;100447;17461543;10476926;12223080;13969234;15715389
2021-01-03;750000;1700000;109477;218954;0;0;0;;;;0;;;;;;;;0;;109477;17461543;10476926;12223080;13969234;15715389
2021-01-04;750000;1700000;118507;237013;0;0;0;;;;0;;;;;;;;0;;118507;17461543;10476926;12223080;13969234;15715389
2021-01-05;750000;1700000;127536;255073;0;0;0;;;;0;;;;;;;;0;;127536;17461543;10476926;12223080;13969234;15715389
2021-01-06;750000;1700000;136566;273132;0;0;0;;;;0;;;;;;;;0;;136566;17461543;10476926;12223080;13969234;15715389
2021-01-07;750000;1700000;145596;291192;0;0;0;;;;0;;;;;;;;0;;145596;17461543;10476926;12223080;13969234;15715389
2021-01-08;750000;1700000;154626;309251;0;0;0;;;;0;;;;;;;;0;;154626;17461543;10476926;12223080;13969234;15715389
2021-01-09;750000;1700000;163655;327311;0;0;0;;;;0;;;;;;;;0;;163655;17461543;10476926;12223080;13969234;15715389
2021-01-10;750000;1700000;172685;345370;0;0;0;;;;0;;;;;;;;0;;172685;17461543;10476926;12223080;13969234;15715389
2021-01-11;750000;1700000;181715;363430;2500;5000;0;;;;0;;;;;;;;0;;184215;17461543;10476926;12223080;13969234;15715389
2021-01-12;750000;1700000;190745;381489;5000;10000;0;;;;0;;;;;;;;0;;195745;17461543;10476926;12223080;13969234;15715389
2021-01-13;750000;1700000;199774;399549;7500;15000;0;;;;0;;;;;;;;0;;207274;17461543;10476926;12223080;13969234;15715389
2021-01-14;750000;1700000;208804;417608;10000;20000;0;;;;0;;;;;;;;0;;218804;17461543;10476926;12223080;13969234;15715389
2021-01-15;750000;1700000;217834;435668;12500;25000;0;;;;0;;;;;;;;0;;230334;17461543;10476926;12223080;13969234;15715389
2021-01-16;750000;1700000;226864;453727;15000;30000;0;;;;0;;;;;;;;0;;241864;17461543;10476926;12223080;13969234;15715389
2021-01-17;750000;1700000;235893;471787;17500;35000;0;;;;0;;;;;;;;0;;253393;17461543;10476926;12223080;13969234;15715389
2021-01-18;750000;1700000;244923;489846;20000;40000;0;;;;0;;;;;;;;0;;264923;17461543;10476926;12223080;13969234;15715389
2021-01-19;750000;1700000;253953;507906;22500;45000;0;;;;0;;;;;;;;0;;276453;17461543;10476926;12223080;13969234;15715389
2021-01-20;750000;1700000;262983;525965;25000;50000;0;;;;0;;;;;;;;0;;287983;17461543;10476926;12223080;13969234;15715389
2021-01-21;750000;1700000;272012;544025;27500;55000;0;;;;0;;;;;;;;0;;299512;17461543;10476926;12223080;13969234;15715389
2021-01-22;750000;1700000;281042;562084;30000;60000;0;;;;0;;;;;;;;0;;311042;17461543;10476926;12223080;13969234;15715389
2021-01-23;750000;1700000;290072;580144;32500;65000;0;;;;0;;;;;;;;0;;322572;17461543;10476926;12223080;13969234;15715389
2021-01-24;750000;1700000;299102;598203;35000;70000;0;;;;0;;;;;;;;0;;334102;17461543;10476926;12223080;13969234;15715389
2021-01-25;750000;1700000;308131;616263;37500;75000;0;;;;0;;;;;;;;0;;345631;17461543;10476926;12223080;13969234;15715389
2021-01-26;750000;1700000;317161;634322;40000;80000;0;;;;0;;;;;;;;0;;357161;17461543;10476926;12223080;13969234;15715389
2021-01-27;750000;1700000;326191;652382;42500;85000;0;;;;0;;;;;;;;0;;368691;17461543;10476926;12223080;13969234;15715389
2021-01-28;750000;1700000;335221;670441;45000;90000;0;;;;0;;;;;;;;0;;380221;17461543;10476926;12223080;13969234;15715389
2021-01-29;750000;1700000;344250;688501;47500;95000;0;;;;0;;;;;;;;0;;391750;17461543;10476926;12223080;13969234;15715389
2021-01-30;750000;1700000;353280;706560;50000;100000;0;;;;0;;;;;;;;0;;403280;17461543;10476926;12223080;13969234;15715389
2021-01-31;750000;1700000;362310;724620;52500;105000;0;;;;0;;;;;;;;0;;414810;17461543;10476926;12223080;13969234;15715389
2021-02-01;750000;1700000;374950;749900;55000;110000;0;;;;0;;;;;;;;0;;429950;17461543;10476926;12223080;13969234;15715389
2021-02-02;750000;1700000;387590;775181;57500;115000;0;;;;0;;;;;;;;0;;445090;17461543;10476926;12223080;13969234;15715389
2021-02-03;750000;1700000;400231;800461;60000;120000;0;;;;0;;;;;;;;0;;460231;17461543;10476926;12223080;13969234;15715389
2021-02-04;750000;1700000;412871;825741;62500;125000;0;;;;0;;;;;;;;0;;475371;17461543;10476926;12223080;13969234;15715389
2021-02-05;750000;1700000;425511;851022;65000;130000;0;;;;0;;;;;;;;0;;490511;17461543;10476926;12223080;13969234;15715389
2021-02-06;750000;1700000;438151;876302;67500;135000;0;;;;0;;;;;;;;0;;505651;17461543;10476926;12223080;13969234;15715389
2021-02-07;750000;1700000;450791;901583;70000;140000;0;;;;0;;;;;;;;0;;520791;17461543;10476926;12223080;13969234;15715389
2021-02-08;750000;1700000;463431;926863;72500;145000;14423;28846;;;0;;;;;;;;0;;550355;17461543;10476926;12223080;13969234;15715389
2021-02-09;750000;1700000;476072;952143;75000;150000;28846;57692;;;0;;;;;;;;0;;579918;17461543;10476926;12223080;13969234;15715389
2021-02-10;750000;1700000;488712;977424;77500;155000;43269;86538;;;0;;;;;;;;0;;609481;17461543;10476926;12223080;13969234;15715389
2021-02-11;750000;1700000;501352;1002704;80000;160000;57692;115385;;;0;;;;;;;;0;;639044;17461543;10476926;12223080;13969234;15715389
2021-02-12;750000;1700000;513992;1027984;82500;165000;72115;144231;;;0;;;;;;;;0;;668608;17461543;10476926;12223080;13969234;15715389
2021-02-13;750000;1700000;526632;1053265;85000;170000;86538;173077;;;0;;;;;;;;0;;698171;17461543;10476926;12223080;13969234;15715389
2021-02-14;750000;1700000;539273;1078545;87500;175000;100962;201923;;;0;;;;;;;;0;;727734;17461543;10476926;12223080;13969234;15715389
2021-02-15;750000;1700000;551913;1103825;90000;180000;115385;230769;;;0;;;;;;;;0;;757297;17461543;10476926;12223080;13969234;15715389
2021-02-16;750000;1700000;564553;1129106;92500;185000;129808;259615;;;0;;;;;;;;0;;786861;17461543;10476926;12223080;13969234;15715389
2021-02-17;750000;1700000;577193;1154386;95000;190000;144231;288462;;;0;;;;;;;;0;;816424;17461543;10476926;12223080;13969234;15715389
2021-02-18;750000;1700000;589833;1179666;97500;195000;158654;317308;;;0;;;;;;;;0;;845987;17461543;10476926;12223080;13969234;15715389
2021-02-19;750000;1700000;602473;1204947;100000;200000;173077;346154;;;0;;;;;;;;0;;875550;17461543;10476926;12223080;13969234;15715389
2021-02-20;750000;1700000;615114;1230227;102500;205000;187500;375000;;;0;;;;;;;;0;;905114;17461543;10476926;12223080;13969234;15715389
2021-02-21;750000;1700000;627754;1255508;105000;210000;201923;403846;;;0;;;;;;;;0;;934677;17461543;10476926;12223080;13969234;15715389
2021-02-22;750000;1700000;640394;1280788;107500;215000;216346;432692;;;0;;;;;;;;0;;964240;17461543;10476926;12223080;13969234;15715389
2021-02-23;750000;1700000;653034;1306068;110000;220000;230769;461538;;;0;;;;;;;;0;;993803;17461543;10476926;12223080;13969234;15715389
2021-02-24;750000;1700000;665674;1331349;112500;225000;245192;490385;;;0;;;;;;;;0;;1023367;17461543;10476926;12223080;13969234;15715389
2021-02-25;750000;1700000;678314;1356629;115000;230000;259615;519231;;;0;;;;;;;;0;;1052930;17461543;10476926;12223080;13969234;15715389
2021-02-26;750000;1700000;690955;1381909;117500;235000;274038;548077;;;0;;;;;;;;0;;1082493;17461543;10476926;12223080;13969234;15715389
2021-02-27;750000;1700000;703595;1407190;120000;240000;288462;576923;;;0;;;;;;;;0;;1112056;17461543;10476926;12223080;13969234;15715389
2021-02-28;750000;1700000;716235;1432470;122500;245000;302885;605769;;;0;;;;;;;;0;;1141620;17461543;10476926;12223080;13969234;15715389
2021-03-01;750000;1700000;733143;1466287;125000;250000;317308;634615;;;0;;;;;;;;0;;1175451;17461543;10476926;12223080;13969234;15715389
2021-03-02;750000;1700000;750052;1500104;127500;255000;331731;663462;;;0;;;;;;;;0;;1209283;17461543;10476926;12223080;13969234;15715389
2021-03-03;750000;1700000;766960;1533920;130000;260000;346154;692308;;;0;;;;;;;;0;;1243114;17461543;10476926;12223080;13969234;15715389
2021-03-04;750000;1700000;783869;1567737;132500;265000;360577;721154;;;0;;;;;;;;0;;1276945;17461543;10476926;12223080;13969234;15715389
2021-03-05;750000;1700000;800777;1601554;135000;270000;375000;750000;;;0;;;;;;;;0;;1310777;17461543;10476926;12223080;13969234;15715389
2021-03-06;750000;1700000;817685;1635371;137500;275000;389423;778846;;;0;;;;;;;;0;;1344608;17461543;10476926;12223080;13969234;15715389
2021-03-07;750000;1700000;834594;1669187;140000;280000;403846;807692;;;0;;;;;;;;0;;1378440;17461543;10476926;12223080;13969234;15715389
2021-03-08;750000;1700000;851502;1703004;142500;285000;418269;836538;;;0;;;;;;;;0;;1412271;17461543;10476926;12223080;13969234;15715389
2021-03-09;750000;1700000;868410;1736821;145000;290000;432692;865385;;;0;;;;;;;;0;;1446103;17461543;10476926;12223080;13969234;15715389
2021-03-10;750000;1700000;885319;1770638;147500;295000;447115;894231;;;0;;;;;;;;0;;1479934;17461543;10476926;12223080;13969234;15715389
2021-03-11;750000;1700000;902227;1804455;150000;300000;461538;923077;;;0;;;;;;;;0;;1513766;17461543;10476926;12223080;13969234;15715389
2021-03-12;750000;1700000;919136;1838271;152500;305000;475962;951923;;;0;;;;;;;;0;;1547597;17461543;10476926;12223080;13969234;15715389
2021-03-13;750000;1700000;936044;1872088;155000;310000;490385;980769;;;0;;;;;;;;0;;1581429;17461543;10476926;12223080;13969234;15715389
2021-03-14;750000;1700000;952952;1905905;157500;315000;504808;1009615;;;0;;;;;;;;0;;1615260;17461543;10476926;12223080;13969234;15715389
2021-03-15;750000;1700000;969861;1939722;160000;320000;519231;1038462;;;0;;;;;;;;0;;1649092;17461543;10476926;12223080;13969234;15715389
2021-03-16;750000;1700000;986769;1973538;162500;325000;533654;1067308;;;0;;;;;;;;0;;1682923;17461543;10476926;12223080;13969234;15715389
2021-03-17;750000;1700000;1003678;2007355;165000;330000;548077;1096154;;;0;;;;;;;;0;;1716755;17461543;10476926;12223080;13969234;15715389
2021-03-18;750000;1700000;1020586;2041172;167500;335000;562500;1125000;;;0;;;;;;;;0;;1750586;17461543;10476926;12223080;13969234;15715389
2021-03-19;750000;1700000;1037494;2074989;170000;340000;576923;1153846;;;0;;;;;;;;0;;1784417;17461543;10476926;12223080;13969234;15715389
2021-03-20;750000;1700000;1054403;2108805;172500;345000;591346;1182692;;;0;;;;;;;;0;;1818249;17461543;10476926;12223080;13969234;15715389
2021-03-21;750000;1700000;1071311;2142622;175000;350000;605769;1211538;;;0;;;;;;;;0;;1852080;17461543;10476926;12223080;13969234;15715389
2021-03-22;750000;1700000;1088220;2176439;177500;355000;620192;1240385;;;0;;;;;;;;0;;1885912;17461543;10476926;12223080;13969234;15715389
2021-03-23;750000;1700000;1105128;2210256;180000;360000;634615;1269231;;;0;;;;;;;;0;;1919743;17461543;10476926;12223080;13969234;15715389
2021-03-24;750000;1700000;1122036;2244073;182500;365000;649038;1298077;;;0;;;;;;;;0;;1953575;17461543;10476926;12223080;13969234;15715389
2021-03-25;750000;1700000;1138945;2277889;185000;370000;663462;1326923;;;0;;;;;;;;0;;1987406;17461543;10476926;12223080;13969234;15715389
2021-03-26;750000;1700000;1155853;2311706;187500;375000;677885;1355769;;;0;;;;;;;;0;;2021238;17461543;10476926;12223080;13969234;15715389
2021-03-27;750000;1700000;1172761;2345523;190000;380000;692308;1384615;;;0;;;;;;;;0;;2055069;17461543;10476926;12223080;13969234;15715389
2021-03-28;750000;1700000;1189670;2379340;192500;385000;706731;1413462;;;0;;;;;;;;0;;2088901;17461543;10476926;12223080;13969234;15715389
2021-03-29;750000;1700000;1206578;2413156;195000;390000;721154;1442308;;;0;;;;;;;;0;;2122732;17461543;10476926;12223080;13969234;15715389
2021-03-30;750000;1700000;1223487;2446973;197500;395000;735577;1471154;;;0;;;;;;;;0;;2156564;17461543;10476926;12223080;13969234;15715389
2021-03-31;750000;1700000;1240395;2480790;200000;400000;750000;1500000;;;0;0;;;0;0;;;0;;2190395;17461543;10476926;12223080;13969234;15715389
2021-04-01;750000;1700000;1283252;2566504;207473;414945;771978;1543956;;;16484;32967;;;3297;6593;;;0;;2298966;17461543;10476926;12223080;13969234;15715389
2021-04-02;750000;1700000;1326109;2652219;214945;429890;793956;1587912;;;32967;65934;;;6593;13187;;;0;;2407538;17461543;10476926;12223080;13969234;15715389
2021-04-03;750000;1700000;1368966;2737933;222418;444835;815934;1631868;;;49451;98901;;;9890;19780;;;0;;2516109;17461543;10476926;12223080;13969234;15715389
2021-04-04;750000;1700000;1411824;2823647;229890;459780;837912;1675824;;;65934;131868;;;13187;26374;;;0;;2624681;17461543;10476926;12223080;13969234;15715389
2021-04-05;750000;1700000;1454681;2909361;237363;474725;859890;1719780;;;82418;164835;;;16484;32967;;;0;;2733252;17461543;10476926;12223080;13969234;15715389
2021-04-06;750000;1700000;1497538;2995076;244835;489670;881868;1763736;;;98901;197802;;;19780;39560;;;0;;2841824;17461543;10476926;12223080;13969234;15715389
2021-04-07;750000;1700000;1540395;3080790;252308;504615;903846;1807692;;;115385;230769;;;23077;46154;;;0;;2950395;17461543;10476926;12223080;13969234;15715389
2021-04-08;750000;1700000;1583252;3166504;259780;519560;925824;1851648;;;131868;263736;;;26374;52747;;;0;;3058966;17461543;10476926;12223080;13969234;15715389
2021-04-09;750000;1700000;1626109;3252219;267253;534505;947802;1895604;;;148352;296703;;;29670;59341;;;0;;3167538;17461543;10476926;12223080;13969234;15715389
2021-04-10;750000;1700000;1668966;3337933;274725;549451;969780;1939560;;;164835;329670;;;32967;65934;;;0;;3276109;17461543;10476926;12223080;13969234;15715389
2021-04-11;750000;1700000;1711824;3423647;282198;564396;991758;1983516;;;181319;362637;;;36264;72527;;;0;;3384681;17461543;10476926;12223080;13969234;15715389
2021-04-12;750000;1700000;1754681;3509361;289670;579341;1013736;2027473;;;197802;395604;;;39560;79121;;;0;;3493252;17461543;10476926;12223080;13969234;15715389
2021-04-13;750000;1700000;1797538;3595076;297143;594286;1035714;2071429;;;214286;428571;;;42857;85714;;;0;;3601824;17461543;10476926;12223080;13969234;15715389
2021-04-14;750000;1700000;1840395;3680790;304615;609231;1057692;2115385;;;230769;461538;;;46154;92308;;;0;;3710395;17461543;10476926;12223080;13969234;15715389
2021-04-15;750000;1700000;1883252;3766504;312088;624176;1079670;2159341;;;247253;494505;;;49451;98901;;;0;;3818966;17461543;10476926;12223080;13969234;15715389
2021-04-16;750000;1700000;1926109;3852219;319560;639121;1101648;2203297;;;263736;527473;;;52747;105495;;;0;;3927538;17461543;10476926;12223080;13969234;15715389
2021-04-17;750000;1700000;1968966;3937933;327033;654066;1123626;2247253;;;280220;560440;;;56044;112088;;;0;;4036109;17461543;10476926;12223080;13969234;15715389
2021-04-18;750000;1700000;2011824;4023647;334505;669011;1145604;2291209;;;296703;593407;;;59341;118681;;;0;;4144681;17461543;10476926;12223080;13969234;15715389
2021-04-19;750000;1700000;2054681;4109361;341978;683956;1167582;2335165;;;313187;626374;;;62637;125275;;;0;;4253252;17461543;10476926;12223080;13969234;15715389
2021-04-20;750000;1700000;2097538;4195076;349451;698901;1189560;2379121;;;329670;659341;;;65934;131868;;;0;;4361824;17461543;10476926;12223080;13969234;15715389
2021-04-21;750000;1700000;2140395;4280790;356923;713846;1211538;2423077;;;346154;692308;;;69231;138462;;;0;;4470395;17461543;10476926;12223080;13969234;15715389
2021-04-22;750000;1700000;2183252;4366504;364396;728791;1233516;2467033;;;362637;725275;;;72527;145055;;;0;;4578966;17461543;10476926;12223080;13969234;15715389
2021-04-23;750000;1700000;2226109;4452219;371868;743736;1255495;2510989;;;379121;758242;;;75824;151648;;;0;;4687538;17461543;10476926;12223080;13969234;15715389
2021-04-24;750000;1700000;2268966;4537933;379341;758681;1277473;2554945;;;395604;791209;;;79121;158242;;;0;;4796109;17461543;10476926;12223080;13969234;15715389
2021-04-25;750000;1700000;2311824;4623647;386813;773626;1299451;2598901;;;412088;824176;;;82418;164835;;;0;;4904681;17461543;10476926;12223080;13969234;15715389
2021-04-26;750000;1700000;2354681;4709361;394286;788571;1321429;2642857;;;428571;857143;;;85714;171429;;;0;;5013252;17461543;10476926;12223080;13969234;15715389
2021-04-27;750000;1700000;2397538;4795076;401758;803516;1343407;2686813;;;445055;890110;;;89011;178022;;;0;;5121824;17461543;10476926;12223080;13969234;15715389
2021-04-28;750000;1700000;2440395;4880790;409231;818462;1365385;2730769;;;461538;923077;;;92308;184615;;;0;;5230395;17461543;10476926;12223080;13969234;15715389
2021-04-29;750000;1700000;2483252;4966504;416703;833407;1387363;2774725;;;478022;956044;;;95604;191209;;;0;;5338966;17461543;10476926;12223080;13969234;15715389
2021-04-30;750000;1700000;2526109;5052219;424176;848352;1409341;2818681;;;494505;989011;;;98901;197802;;;0;;5447538;17461543;10476926;12223080;13969234;15715389
2021-05-01;750000;1700000;2568966;5137933;431648;863297;1431319;2862637;;;510989;1021978;;;102198;204396;;;0;;5556109;17461543;10476926;12223080;13969234;15715389
2021-05-02;750000;1700000;2611824;5223647;439121;878242;1453297;2906593;;;527473;1054945;;;105495;210989;;;0;;5664681;17461543;10476926;12223080;13969234;15715389
2021-05-03;750000;1700000;2654681;5309361;446593;893187;1475275;2950549;;;543956;1087912;;;108791;217582;;;0;;5773252;17461543;10476926;12223080;13969234;15715389
2021-05-04;750000;1700000;2697538;5395076;454066;908132;1497253;2994505;;;560440;1120879;;;112088;224176;;;0;;5881824;17461543;10476926;12223080;13969234;15715389
2021-05-05;750000;1700000;2740395;5480790;461538;923077;1519231;3038462;;;576923;1153846;;;115385;230769;;;0;;5990395;17461543;10476926;12223080;13969234;15715389
2021-05-06;750000;1700000;2783252;5566504;469011;938022;1541209;3082418;;;593407;1186813;;;118681;237363;;;0;;6098966;17461543;10476926;12223080;13969234;15715389
2021-05-07;750000;1700000;2826109;5652219;476484;952967;1563187;3126374;;;609890;1219780;;;121978;243956;;;0;;6207538;17461543;10476926;12223080;13969234;15715389
2021-05-08;750000;1700000;2868966;5737933;483956;967912;1585165;3170330;;;626374;1252747;;;125275;250549;;;0;;6316109;17461543;10476926;12223080;13969234;15715389
2021-05-09;750000;1700000;2911824;5823647;491429;982857;1607143;3214286;;;642857;1285714;;;128571;257143;;;0;;6424681;17461543;10476926;12223080;13969234;15715389
2021-05-10;750000;1700000;2954681;5909361;498901;997802;1629121;3258242;;;659341;1318681;;;131868;263736;;;0;;6533252;17461543;10476926;12223080;13969234;15715389
2021-05-11;750000;1700000;2997538;5995076;506374;1012747;1651099;3302198;;;675824;1351648;;;135165;270330;;;0;;6641824;17461543;10476926;12223080;13969234;15715389
2021-05-12;750000;1700000;3040395;6080790;513846;1027692;1673077;3346154;;;692308;1384615;;;138462;276923;;;0;;6750395;17461543;10476926;12223080;13969234;15715389
2021-05-13;750000;1700000;3083252;6166504;521319;1042637;1695055;3390110;;;708791;1417582;;;141758;283516;;;0;;6858966;17461543;10476926;12223080;13969234;15715389
2021-05-14;750000;1700000;3126109;6252219;528791;1057582;1717033;3434066;;;725275;1450549;;;145055;290110;;;0;;6967538;17461543;10476926;12223080;13969234;15715389
2021-05-15;750000;1700000;3168966;6337933;536264;1072527;1739011;3478022;;;741758;1483516;;;148352;296703;;;0;;7076109;17461543;10476926;12223080;13969234;15715389
2021-05-16;750000;1700000;3211824;6423647;543736;1087473;1760989;3521978;;;758242;1516484;;;151648;303297;;;0;;7184681;17461543;10476926;12223080;13969234;15715389
2021-05-17;750000;1700000;3254681;6509361;551209;1102418;1782967;3565934;;;774725;1549451;;;154945;309890;;;0;;7293252;17461543;10476926;12223080;13969234;15715389
2021-05-18;750000;1700000;3297538;6595076;558681;1117363;1804945;3609890;;;791209;1582418;;;158242;316484;;;0;;7401824;17461543;10476926;12223080;13969234;15715389
2021-05-19;750000;1700000;3340395;6680790;566154;1132308;1826923;3653846;;;807692;1615385;;;161538;323077;;;0;;7510395;17461543;10476926;12223080;13969234;15715389
2021-05-20;750000;1700000;3383252;6766504;573626;1147253;1848901;3697802;;;824176;1648352;;;164835;329670;;;0;;7618966;17461543;10476926;12223080;13969234;15715389
2021-05-21;750000;1700000;3426109;6852219;581099;1162198;1870879;3741758;;;840659;1681319;;;168132;336264;;;0;;7727538;17461543;10476926;12223080;13969234;15715389
2021-05-22;750000;1700000;3468966;6937933;588571;1177143;1892857;3785714;;;857143;1714286;;;171429;342857;;;0;;7836109;17461543;10476926;12223080;13969234;15715389
2021-05-23;750000;1700000;3511824;7023647;596044;1192088;1914835;3829670;;;873626;1747253;;;174725;349451;;;0;;7944681;17461543;10476926;12223080;13969234;15715389
2021-05-24;750000;1700000;3554681;7109361;603516;1207033;1936813;3873626;;;890110;1780220;;;178022;356044;;;0;;8053252;17461543;10476926;12223080;13969234;15715389
2021-05-25;750000;1700000;3597538;7195076;610989;1221978;1958791;3917582;;;906593;1813187;;;181319;362637;;;0;;8161824;17461543;10476926;12223080;13969234;15715389
2021-05-26;750000;1700000;3640395;7280790;618462;1236923;1980769;3961538;;;923077;1846154;;;184615;369231;;;0;;8270395;17461543;10476926;12223080;13969234;15715389
2021-05-27;750000;1700000;3683252;7366504;625934;1251868;2002747;4005495;;;939560;1879121;;;187912;375824;;;0;;8378966;17461543;10476926;12223080;13969234;15715389
2021-05-28;750000;1700000;3726109;7452219;633407;1266813;2024725;4049451;;;956044;1912088;;;191209;382418;;;0;;8487538;17461543;10476926;12223080;13969234;15715389
2021-05-29;750000;1700000;3768966;7537933;640879;1281758;2046703;4093407;;;972527;1945055;;;194505;389011;;;0;;8596109;17461543;10476926;12223080;13969234;15715389
2021-05-30;750000;1700000;3811824;7623647;648352;1296703;2068681;4137363;;;989011;1978022;;;197802;395604;;;0;;8704681;17461543;10476926;12223080;13969234;15715389
2021-05-31;750000;1700000;3854681;7709361;655824;1311648;2090659;4181319;;;1005495;2010989;;;201099;402198;;;0;;8813252;17461543;10476926;12223080;13969234;15715389
2021-06-01;750000;1700000;3897538;7795076;663297;1326593;2112637;4225275;;;1021978;2043956;;;204396;408791;;;0;;8921824;17461543;10476926;12223080;13969234;15715389
2021-06-02;750000;1700000;3940395;7880790;670769;1341538;2134615;4269231;;;1038462;2076923;;;207692;415385;;;0;;9030395;17461543;10476926;12223080;13969234;15715389
2021-06-03;750000;1700000;3983252;7966504;678242;1356484;2156593;4313187;;;1054945;2109890;;;210989;421978;;;0;;9138966;17461543;10476926;12223080;13969234;15715389
2021-06-04;750000;1700000;4026109;8052219;685714;1371429;2178571;4357143;;;1071429;2142857;;;214286;428571;;;0;;9247538;17461543;10476926;12223080;13969234;15715389
2021-06-05;750000;1700000;4068966;8137933;693187;1386374;2200549;4401099;;;1087912;2175824;;;217582;435165;;;0;;9356109;17461543;10476926;12223080;13969234;15715389
2021-06-06;750000;1700000;4111824;8223647;700659;1401319;2222527;4445055;;;1104396;2208791;;;220879;441758;;;0;;9464681;17461543;10476926;12223080;13969234;15715389
2021-06-07;750000;1700000;4154681;8309361;708132;1416264;2244505;4489011;;;1120879;2241758;;;224176;448352;;;0;;9573252;17461543;10476926;12223080;13969234;15715389
2021-06-08;750000;1700000;4197538;8395076;715604;1431209;2266484;4532967;;;1137363;2274725;;;227473;454945;;;0;;9681824;17461543;10476926;12223080;13969234;15715389
2021-06-09;750000;1700000;4240395;8480790;723077;1446154;2288462;4576923;;;1153846;2307692;;;230769;461538;;;0;;9790395;17461543;10476926;12223080;13969234;15715389
2021-06-10;750000;1700000;4283252;8566504;730549;1461099;2310440;4620879;;;1170330;2340659;;;234066;468132;;;0;;9898966;17461543;10476926;12223080;13969234;15715389
2021-06-11;750000;1700000;4326109;8652219;738022;1476044;2332418;4664835;;;1186813;2373626;;;237363;474725;;;0;;10007538;17461543;10476926;12223080;13969234;15715389
2021-06-12;750000;1700000;4368966;8737933;745495;1490989;2354396;4708791;;;1203297;2406593;;;240659;481319;;;0;;10116109;17461543;10476926;12223080;13969234;15715389
2021-06-13;750000;1700000;4411824;8823647;752967;1505934;2376374;4752747;;;1219780;2439560;;;243956;487912;;;0;;10224681;17461543;10476926;12223080;13969234;15715389
2021-06-14;750000;1700000;4454681;8909361;760440;1520879;2398352;4796703;;;1236264;2472527;;;247253;494505;;;0;;10333252;17461543;10476926;12223080;13969234;15715389
2021-06-15;750000;1700000;4497538;8995076;767912;1535824;2420330;4840659;;;1252747;2505495;;;250549;501099;;;0;;10441824;17461543;10476926;12223080;13969234;15715389
2021-06-16;750000;1700000;4540395;9080790;775385;1550769;2442308;4884615;;;1269231;2538462;;;253846;507692;;;0;;10550395;17461543;10476926;12223080;13969234;15715389
2021-06-17;750000;1700000;4583252;9166504;782857;1565714;2464286;4928571;;;1285714;2571429;;;257143;514286;;;0;;10658966;17461543;10476926;12223080;13969234;15715389
2021-06-18;750000;1700000;4626109;9252219;790330;1580659;2486264;4972527;;;1302198;2604396;;;260440;520879;;;0;;10767538;17461543;10476926;12223080;13969234;15715389
2021-06-19;750000;1700000;4668966;9337933;797802;1595604;2508242;5016484;;;1318681;2637363;;;263736;527473;;;0;;10876109;17461543;10476926;12223080;13969234;15715389
2021-06-20;750000;1700000;4711824;9423647;805275;1610549;2530220;5060440;;;1335165;2670330;;;267033;534066;;;0;;10984681;17461543;10476926;12223080;13969234;15715389
2021-06-21;750000;1700000;4754681;9509361;812747;1625495;2552198;5104396;;;1351648;2703297;;;270330;540659;;;0;;11093252;17461543;10476926;12223080;13969234;15715389
2021-06-22;750000;1700000;4797538;9595076;820220;1640440;2574176;5148352;;;1368132;2736264;;;273626;547253;;;0;;11201824;17461543;10476926;12223080;13969234;15715389
2021-06-23;750000;1700000;4840395;9680790;827692;1655385;2596154;5192308;;;1384615;2769231;;;276923;553846;;;0;;11310395;17461543;10476926;12223080;13969234;15715389
2021-06-24;750000;1700000;4883252;9766504;835165;1670330;2618132;5236264;;;1401099;2802198;;;280220;560440;;;0;;11418966;17461543;10476926;12223080;13969234;15715389
2021-06-25;750000;1700000;4926109;9852219;842637;1685275;2640110;5280220;;;1417582;2835165;;;283516;567033;;;0;;11527538;17461543;10476926;12223080;13969234;15715389
2021-06-26;750000;1700000;4968966;9937933;850110;1700220;2662088;5324176;;;1434066;2868132;;;286813;573626;;;0;;11636109;17461543;10476926;12223080;13969234;15715389
2021-06-27;750000;1700000;5011824;10023647;857582;1715165;2684066;5368132;;;1450549;2901099;;;290110;580220;;;0;;11744681;17461543;10476926;12223080;13969234;15715389
2021-06-28;750000;1700000;5054681;10109361;865055;1730110;2706044;5412088;;;1467033;2934066;;;293407;586813;;;0;;11853252;17461543;10476926;12223080;13969234;15715389
2021-06-29;750000;1700000;5097538;10195076;872527;1745055;2728022;5456044;;;1483516;2967033;;;296703;593407;;;0;;11961824;17461543;10476926;12223080;13969234;15715389
2021-06-30;750000;1700000;5140395;10280790;880000;1760000;2750000;5500000;0;0;1500000;3000000;;;300000;600000;;;0;;12070395;17461543;10476926;12223080;13969234;15715389
2021-07-01;750000;1700000;5177352;10354703;907174;1814348;2783696;5567391;27717;55435;1532609;3065217;14674;29348;305435;610870;;;0;;12266591;17461543;10476926;12223080;13969234;15715389
2021-07-02;750000;1700000;5214308;10428616;934348;1868696;2817391;5634783;55435;110870;1565217;3130435;29348;58696;310870;621739;;;0;;12462786;17461543;10476926;12223080;13969234;15715389
2021-07-03;750000;1700000;5251265;10502529;961522;1923043;2851087;5702174;83152;166304;1597826;3195652;44022;88043;316304;632609;;;0;;12658982;17461543;10476926;12223080;13969234;15715389
2021-07-04;750000;1700000;5288221;10576442;988696;1977391;2884783;5769565;110870;221739;1630435;3260870;58696;117391;321739;643478;;;0;;12855178;17461543;10476926;12223080;13969234;15715389
2021-07-05;750000;1700000;5325178;10650355;1015870;2031739;2918478;5836957;138587;277174;1663043;3326087;73370;146739;327174;654348;;;0;;13051373;17461543;10476926;12223080;13969234;15715389
2021-07-06;750000;1700000;5362134;10724268;1043043;2086087;2952174;5904348;166304;332609;1695652;3391304;88043;176087;332609;665217;;;0;;13247569;17461543;10476926;12223080;13969234;15715389
2021-07-07;750000;1700000;5399091;10798181;1070217;2140435;2985870;5971739;194022;388043;1728261;3456522;102717;205435;338043;676087;;;0;;13443765;17461543;10476926;12223080;13969234;15715389
2021-07-08;750000;1700000;5436047;10872094;1097391;2194783;3019565;6039130;221739;443478;1760870;3521739;117391;234783;343478;686957;;;0;;13639960;17461543;10476926;12223080;13969234;15715389
2021-07-09;750000;1700000;5473004;10946007;1124565;2249130;3053261;6106522;249457;498913;1793478;3586957;132065;264130;348913;697826;;;0;;13836156;17461543;10476926;12223080;13969234;15715389
2021-07-10;750000;1700000;5509960;11019920;1151739;2303478;3086957;6173913;277174;554348;1826087;3652174;146739;293478;354348;708696;;;0;;14032352;17461543;10476926;12223080;13969234;15715389
2021-07-11;750000;1700000;5546917;11093833;1178913;2357826;3120652;6241304;304891;609783;1858696;3717391;161413;322826;359783;719565;;;0;;14228547;17461543;10476926;12223080;13969234;15715389
2021-07-12;750000;1700000;5583873;11167747;1206087;2412174;3154348;6308696;332609;665217;1891304;3782609;176087;352174;365217;730435;;;0;;14424743;17461543;10476926;12223080;13969234;15715389
2021-07-13;750000;1700000;5620830;11241660;1233261;2466522;3188043;6376087;360326;720652;1923913;3847826;190761;381522;370652;741304;;;0;;14620938;17461543;10476926;12223080;13969234;15715389
2021-07-14;750000;1700000;5657786;11315573;1260435;2520870;3221739;6443478;388043;776087;1956522;3913043;205435;410870;376087;752174;;;0;;14817134;17461543;10476926;12223080;13969234;15715389
2021-07-15;750000;1700000;5694743;11389486;1287609;2575217;3255435;6510870;415761;831522;1989130;3978261;220109;440217;381522;763043;;;0;;15013330;17461543;10476926;12223080;13969234;15715389
2021-07-16;750000;1700000;5731699;11463399;1314783;2629565;3289130;6578261;443478;886957;2021739;4043478;234783;469565;386957;773913;;;0;;15209525;17461543;10476926;12223080;13969234;15715389
2021-07-17;750000;1700000;5768656;11537312;1341957;2683913;3322826;6645652;471196;942391;2054348;4108696;249457;498913;392391;784783;;;0;;15405721;17461543;10476926;12223080;13969234;15715389
2021-07-18;750000;1700000;5805612;11611225;1369130;2738261;3356522;6713043;498913;997826;2086957;4173913;264130;528261;397826;795652;;;0;;15601917;17461543;10476926;12223080;13969234;15715389
2021-07-19;750000;1700000;5842569;11685138;1396304;2792609;3390217;6780435;526630;1053261;2119565;4239130;278804;557609;403261;806522;;;0;;15798112;17461543;10476926;12223080;13969234;15715389
2021-07-20;750000;1700000;5879525;11759051;1423478;2846957;3423913;6847826;554348;1108696;2152174;4304348;293478;586957;408696;817391;;;0;;15994308;17461543;10476926;12223080;13969234;15715389
2021-07-21;750000;1700000;5916482;11832964;1450652;2901304;3457609;6915217;582065;1164130;2184783;4369565;308152;616304;414130;828261;;;0;;16190504;17461543;10476926;12223080;13969234;15715389
2021-07-22;750000;1700000;5953438;11906877;1477826;2955652;3491304;6982609;609783;1219565;2217391;4434783;322826;645652;419565;839130;;;0;;16386699;17461543;10476926;12223080;13969234;15715389
2021-07-23;750000;1700000;5990395;11980790;1505000;3010000;3525000;7050000;637500;1275000;2250000;4500000;337500;675000;425000;850000;;;0;;16582895;17461543;10476926;12223080;13969234;15715389
2021-07-24;750000;1700000;6027352;12054703;1532174;3064348;3558696;7117391;665217;1330435;2282609;4565217;352174;704348;430435;860870;;;0;;16779091;17461543;10476926;12223080;13969234;15715389
2021-07-25;750000;1700000;6064308;12128616;1559348;3118696;3592391;7184783;692935;1385870;2315217;4630435;366848;733696;435870;871739;;;0;;16975286;17461543;10476926;12223080;13969234;15715389
2021-07-26;750000;1700000;6101265;12202529;1586522;3173043;3626087;7252174;720652;1441304;2347826;4695652;381522;763043;441304;882609;;;0;;17171482;17461543;10476926;12223080;13969234;15715389
2021-07-27;750000;1700000;6138221;12276442;1613696;3227391;3659783;7319565;748370;1496739;2380435;4760870;396196;792391;446739;893478;;;0;;17367678;17461543;10476926;12223080;13969234;15715389
2021-07-28;750000;1700000;6175178;12350355;1640870;3281739;3693478;7386957;776087;1552174;2413043;4826087;410870;821739;452174;904348;;;0;;17563873;17461543;10476926;12223080;13969234;15715389
2021-07-29;750000;1700000;6212134;12424268;1668043;3336087;3727174;7454348;803804;1607609;2445652;4891304;425543;851087;457609;915217;;;0;;17760069;17461543;10476926;12223080;13969234;15715389
2021-07-30;750000;1700000;6249091;12498181;1695217;3390435;3760870;7521739;831522;1663043;2478261;4956522;440217;880435;463043;926087;;;0;;17956265;17461543;10476926;12223080;13969234;15715389
2021-07-31;750000;1700000;6286047;12572094;1722391;3444783;3794565;7589130;859239;1718478;2510870;5021739;454891;909783;468478;936957;;;0;;18152460;17461543;10476926;12223080;13969234;15715389
2021-08-01;750000;1700000;6323004;12646007;1749565;3499130;3828261;7656522;886957;1773913;2543478;5086957;469565;939130;473913;947826;;;0;;18348656;17461543;10476926;12223080;13969234;15715389
2021-08-02;750000;1700000;6359960;12719920;1776739;3553478;3861957;7723913;914674;1829348;2576087;5152174;484239;968478;479348;958696;;;0;;18544852;17461543;10476926;12223080;13969234;15715389
2021-08-03;750000;1700000;6396917;12793833;1803913;3607826;3895652;7791304;942391;1884783;2608696;5217391;498913;997826;484783;969565;;;0;;18741047;17461543;10476926;12223080;13969234;15715389
2021-08-04;750000;1700000;6433873;12867747;1831087;3662174;3929348;7858696;970109;1940217;2641304;5282609;513587;1027174;490217;980435;;;0;;18937243;17461543;10476926;12223080;13969234;15715389
2021-08-05;750000;1700000;6470830;12941660;1858261;3716522;3963043;7926087;997826;1995652;2673913;5347826;528261;1056522;495652;991304;;;0;;19133438;17461543;10476926;12223080;13969234;15715389
2021-08-06;750000;1700000;6507786;13015573;1885435;3770870;3996739;7993478;1025543;2051087;2706522;5413043;542935;1085870;501087;1002174;;;0;;19329634;17461543;10476926;12223080;13969234;15715389
2021-08-07;750000;1700000;6544743;13089486;1912609;3825217;4030435;8060870;1053261;2106522;2739130;5478261;557609;1115217;506522;1013043;;;0;;19525830;17461543;10476926;12223080;13969234;15715389
2021-08-08;750000;1700000;6581699;13163399;1939783;3879565;4064130;8128261;1080978;2161957;2771739;5543478;572283;1144565;511957;1023913;;;0;;19722025;17461543;10476926;12223080;13969234;15715389
2021-08-09;750000;1700000;6618656;13237312;1966957;3933913;4097826;8195652;1108696;2217391;2804348;5608696;586957;1173913;517391;1034783;;;0;;19918221;17461543;10476926;12223080;13969234;15715389
2021-08-10;750000;1700000;6655612;13311225;1994130;3988261;4131522;8263043;1136413;2272826;2836957;5673913;601630;1203261;522826;1045652;;;0;;20114417;17461543;10476926;12223080;13969234;15715389
2021-08-11;750000;1700000;6692569;13385138;2021304;4042609;4165217;8330435;1164130;2328261;2869565;5739130;616304;1232609;528261;1056522;;;0;;20310612;17461543;10476926;12223080;13969234;15715389
2021-08-12;750000;1700000;6729525;13459051;2048478;4096957;4198913;8397826;1191848;2383696;2902174;5804348;630978;1261957;533696;1067391;;;0;;20506808;17461543;10476926;12223080;13969234;15715389
2021-08-13;750000;1700000;6766482;13532964;2075652;4151304;4232609;8465217;1219565;2439130;2934783;5869565;645652;1291304;539130;1078261;;;0;;20703004;17461543;10476926;12223080;13969234;15715389
2021-08-14;750000;1700000;6803438;13606877;2102826;4205652;4266304;8532609;1247283;2494565;2967391;5934783;660326;1320652;544565;1089130;;;0;;20899199;17461543;10476926;12223080;13969234;15715389
2021-08-15;750000;1700000;6840395;13680790;2130000;4260000;4300000;8600000;1275000;2550000;3000000;6000000;675000;1350000;550000;1100000;;;0;;21095395;17461543;10476926;12223080;13969234;15715389
2021-08-16;750000;1700000;6877352;13754703;2157174;4314348;4333696;8667391;1302717;2605435;3032609;6065217;689674;1379348;555435;1110870;;;0;;21291591;17461543;10476926;12223080;13969234;15715389
2021-08-17;750000;1700000;6914308;13828616;2184348;4368696;4367391;8734783;1330435;2660870;3065217;6130435;704348;1408696;560870;1121739;;;0;;21487786;17461543;10476926;12223080;13969234;15715389
2021-08-18;750000;1700000;6951265;13902529;2211522;4423043;4401087;8802174;1358152;2716304;3097826;6195652;719022;1438043;566304;1132609;;;0;;21683982;17461543;10476926;12223080;13969234;15715389
2021-08-19;750000;1700000;6988221;13976442;2238696;4477391;4434783;8869565;1385870;2771739;3130435;6260870;733696;1467391;571739;1143478;;;0;;21880178;17461543;10476926;12223080;13969234;15715389
2021-08-20;750000;1700000;7025178;14050355;2265870;4531739;4468478;8936957;1413587;2827174;3163043;6326087;748370;1496739;577174;1154348;;;0;;22076373;17461543;10476926;12223080;13969234;15715389
2021-08-21;750000;1700000;7062134;14124268;2293043;4586087;4502174;9004348;1441304;2882609;3195652;6391304;763043;1526087;582609;1165217;;;0;;22272569;17461543;10476926;12223080;13969234;15715389
2021-08-22;750000;1700000;7099091;14198181;2320217;4640435;4535870;9071739;1469022;2938043;3228261;6456522;777717;1555435;588043;1176087;;;0;;22468765;17461543;10476926;12223080;13969234;15715389
2021-08-23;750000;1700000;7136047;14272094;2347391;4694783;4569565;9139130;1496739;2993478;3260870;6521739;792391;1584783;593478;1186957;;;0;;22664960;17461543;10476926;12223080;13969234;15715389
2021-08-24;750000;1700000;7173004;14346007;2374565;4749130;4603261;9206522;1524457;3048913;3293478;6586957;807065;1614130;598913;1197826;;;0;;22861156;17461543;10476926;12223080;13969234;15715389
2021-08-25;750000;1700000;7209960;14419920;2401739;4803478;4636957;9273913;1552174;3104348;3326087;6652174;821739;1643478;604348;1208696;;;0;;23057352;17461543;10476926;12223080;13969234;15715389
2021-08-26;750000;1700000;7246917;14493833;2428913;4857826;4670652;9341304;1579891;3159783;3358696;6717391;836413;1672826;609783;1219565;;;0;;23253547;17461543;10476926;12223080;13969234;15715389
2021-08-27;750000;1700000;7283873;14567747;2456087;4912174;4704348;9408696;1607609;3215217;3391304;6782609;851087;1702174;615217;1230435;;;0;;23449743;17461543;10476926;12223080;13969234;15715389
2021-08-28;750000;1700000;7320830;14641660;2483261;4966522;4738043;9476087;1635326;3270652;3423913;6847826;865761;1731522;620652;1241304;;;0;;23645938;17461543;10476926;12223080;13969234;15715389
2021-08-29;750000;1700000;7357786;14715573;2510435;5020870;4771739;9543478;1663043;3326087;3456522;6913043;880435;1760870;626087;1252174;;;0;;23842134;17461543;10476926;12223080;13969234;15715389
2021-08-30;750000;1700000;7394743;14789486;2537609;5075217;4805435;9610870;1690761;3381522;3489130;6978261;895109;1790217;631522;1263043;;;0;;24038330;17461543;10476926;12223080;13969234;15715389
2021-08-31;750000;1700000;7431699;14863399;2564783;5129565;4839130;9678261;1718478;3436957;3521739;7043478;909783;1819565;636957;1273913;;;0;;24234525;17461543;10476926;12223080;13969234;15715389
2021-09-01;750000;1700000;7468656;14937312;2591957;5183913;4872826;9745652;1746196;3492391;3554348;7108696;924457;1848913;642391;1284783;;;0;;24430721;17461543;10476926;12223080;13969234;15715389
2021-09-02;750000;1700000;7505612;15011225;2619130;5238261;4906522;9813043;1773913;3547826;3586957;7173913;939130;1878261;647826;1295652;;;0;;24626917;17461543;10476926;12223080;13969234;15715389
2021-09-03;750000;1700000;7542569;15085138;2646304;5292609;4940217;9880435;1801630;3603261;3619565;7239130;953804;1907609;653261;1306522;;;0;;24823112;17461543;10476926;12223080;13969234;15715389
2021-09-04;750000;1700000;7579525;15159051;2673478;5346957;4973913;9947826;1829348;3658696;3652174;7304348;968478;1936957;658696;1317391;;;0;;25019308;17461543;10476926;12223080;13969234;15715389
2021-09-05;750000;1700000;7616482;15232964;2700652;5401304;5007609;10015217;1857065;3714130;3684783;7369565;983152;1966304;664130;1328261;;;0;;25215504;17461543;10476926;12223080;13969234;15715389
2021-09-06;750000;1700000;7653438;15306877;2727826;5455652;5041304;10082609;1884783;3769565;3717391;7434783;997826;1995652;669565;1339130;;;0;;25411699;17461543;10476926;12223080;13969234;15715389
2021-09-07;750000;1700000;7690395;15380790;2755000;5510000;5075000;10150000;1912500;3825000;3750000;7500000;1012500;2025000;675000;1350000;;;0;;25607895;17461543;10476926;12223080;13969234;15715389
2021-09-08;750000;1700000;7727352;15454703;2782174;5564348;5108696;10217391;1940217;3880435;3782609;7565217;1027174;2054348;680435;1360870;;;0;;25804091;17461543;10476926;12223080;13969234;15715389
2021-09-09;750000;1700000;7764308;15528616;2809348;5618696;5142391;10284783;1967935;3935870;3815217;7630435;1041848;2083696;685870;1371739;;;0;;26000286;17461543;10476926;12223080;13969234;15715389
2021-09-10;750000;1700000;7801265;15602529;2836522;5673043;5176087;10352174;1995652;3991304;3847826;7695652;1056522;2113043;691304;1382609;;;0;;26196482;17461543;10476926;12223080;13969234;15715389
2021-09-11;750000;1700000;7838221;15676442;2863696;5727391;5209783;10419565;2023370;4046739;3880435;7760870;1071196;2142391;696739;1393478;;;0;;26392678;17461543;10476926;12223080;13969234;15715389
2021-09-12;750000;1700000;7875178;15750355;2890870;5781739;5243478;10486957;2051087;4102174;3913043;7826087;1085870;2171739;702174;1404348;;;0;;26588873;17461543;10476926;12223080;13969234;15715389
2021-09-13;750000;1700000;7912134;15824268;2918043;5836087;5277174;10554348;2078804;4157609;3945652;7891304;1100543;2201087;707609;1415217;;;0;;26785069;17461543;10476926;12223080;13969234;15715389
2021-09-14;750000;1700000;7949091;15898181;2945217;5890435;5310870;10621739;2106522;4213043;3978261;7956522;1115217;2230435;713043;1426087;;;0;;26981265;17461543;10476926;12223080;13969234;15715389
2021-09-15;750000;1700000;7986047;15972094;2972391;5944783;5344565;10689130;2134239;4268478;4010870;8021739;1129891;2259783;718478;1436957;;;0;;27177460;17461543;10476926;12223080;13969234;15715389
2021-09-16;750000;1700000;8023004;16046007;2999565;5999130;5378261;10756522;2161957;4323913;4043478;8086957;1144565;2289130;723913;1447826;;;0;;27373656;17461543;10476926;12223080;13969234;15715389
2021-09-17;750000;1700000;8059960;16119920;3026739;6053478;5411957;10823913;2189674;4379348;4076087;8152174;1159239;2318478;729348;1458696;;;0;;27569852;17461543;10476926;12223080;13969234;15715389
2021-09-18;750000;1700000;8096917;16193833;3053913;6107826;5445652;10891304;2217391;4434783;4108696;8217391;1173913;2347826;734783;1469565;;;0;;27766047;17461543;10476926;12223080;13969234;15715389
2021-09-19;750000;1700000;8133873;16267747;3081087;6162174;5479348;10958696;2245109;4490217;4141304;8282609;1188587;2377174;740217;1480435;;;0;;27962243;17461543;10476926;12223080;13969234;15715389
2021-09-20;750000;1700000;8170830;16341660;3108261;6216522;5513043;11026087;2272826;4545652;4173913;8347826;1203261;2406522;745652;1491304;;;0;;28158438;17461543;10476926;12223080;13969234;15715389
2021-09-21;750000;1700000;8207786;16415573;3135435;6270870;5546739;11093478;2300543;4601087;4206522;8413043;1217935;2435870;751087;1502174;;;0;;28354634;17461543;10476926;12223080;13969234;15715389
2021-09-22;750000;1700000;8244743;16489486;3162609;6325217;5580435;11160870;2328261;4656522;4239130;8478261;1232609;2465217;756522;1513043;;;0;;28550830;17461543;10476926;12223080;13969234;15715389
2021-09-23;750000;1700000;8281699;16563399;3189783;6379565;5614130;11228261;2355978;4711957;4271739;8543478;1247283;2494565;761957;1523913;;;0;;28747025;17461543;10476926;12223080;13969234;15715389
2021-09-24;750000;1700000;8318656;16637312;3216957;6433913;5647826;11295652;2383696;4767391;4304348;8608696;1261957;2523913;767391;1534783;;;0;;28943221;17461543;10476926;12223080;13969234;15715389
2021-09-25;750000;1700000;8355612;16711225;3244130;6488261;5681522;11363043;2411413;4822826;4336957;8673913;1276630;2553261;772826;1545652;;;0;;29139417;17461543;10476926;12223080;13969234;15715389
2021-09-26;750000;1700000;8392569;16785138;3271304;6542609;5715217;11430435;2439130;4878261;4369565;8739130;1291304;2582609;778261;1556522;;;0;;29335612;17461543;10476926;12223080;13969234;15715389
2021-09-27;750000;1700000;8429525;16859051;3298478;6596957;5748913;11497826;2466848;4933696;4402174;8804348;1305978;2611957;783696;1567391;;;0;;29531808;17461543;10476926;12223080;13969234;15715389
2021-09-28;750000;1700000;8466482;16932964;3325652;6651304;5782609;11565217;2494565;4989130;4434783;8869565;1320652;2641304;789130;1578261;;;0;;29728004;17461543;10476926;12223080;13969234;15715389
2021-09-29;750000;1700000;8503438;17006877;3352826;6705652;5816304;11632609;2522283;5044565;4467391;8934783;1335326;2670652;794565;1589130;;;0;;29924199;17461543;10476926;12223080;13969234;15715389
2021-09-30;750000;1700000;8540395;17080790;3380000;6760000;5850000;11700000;2550000;5100000;4500000;9000000;1350000;2700000;800000;1600000;;;0;;30120395;17461543;10476926;12223080;13969234;15715389
2021-10-01;750000;1700000;8554525;17109051;3420217;6840435;5850000;11700000;2565217;5130435;4512500;9025000;1378804;2757609;806522;1613043;;;31793;63587;30221482;17461543;10476926;12223080;13969234;15715389
2021-10-02;750000;1700000;8568656;17137312;3460435;6920870;5850000;11700000;2580435;5160870;4525000;9050000;1407609;2815217;813043;1626087;;;63587;127174;30322569;17461543;10476926;12223080;13969234;15715389
2021-10-03;750000;1700000;8582786;17165573;3500652;7001304;5850000;11700000;2595652;5191304;4537500;9075000;1436413;2872826;819565;1639130;;;95380;190761;30423656;17461543;10476926;12223080;13969234;15715389
2021-10-04;750000;1700000;8596917;17193833;3540870;7081739;5850000;11700000;2610870;5221739;4550000;9100000;1465217;2930435;826087;1652174;;;127174;254348;30524743;17461543;10476926;12223080;13969234;15715389
2021-10-05;750000;1700000;8611047;17222094;3581087;7162174;5850000;11700000;2626087;5252174;4562500;9125000;1494022;2988043;832609;1665217;;;158967;317935;30625830;17461543;10476926;12223080;13969234;15715389
2021-10-06;750000;1700000;8625178;17250355;3621304;7242609;5850000;11700000;2641304;5282609;4575000;9150000;1522826;3045652;839130;1678261;;;190761;381522;30726917;17461543;10476926;12223080;13969234;15715389
2021-10-07;750000;1700000;8639308;17278616;3661522;7323043;5850000;11700000;2656522;5313043;4587500;9175000;1551630;3103261;845652;1691304;;;222554;445109;30828004;17461543;10476926;12223080;13969234;15715389
2021-10-08;750000;1700000;8653438;17306877;3701739;7403478;5850000;11700000;2671739;5343478;4600000;9200000;1580435;3160870;852174;1704348;;;254348;508696;30929091;17461543;10476926;12223080;13969234;15715389
2021-10-09;750000;1700000;8667569;17335138;3741957;7483913;5850000;11700000;2686957;5373913;4612500;9225000;1609239;3218478;858696;1717391;;;286141;572283;31030178;17461543;10476926;12223080;13969234;15715389
2021-10-10;750000;1700000;8681699;17363399;3782174;7564348;5850000;11700000;2702174;5404348;4625000;9250000;1638043;3276087;865217;1730435;;;317935;635870;31131265;17461543;10476926;12223080;13969234;15715389
2021-10-11;750000;1700000;8695830;17391660;3822391;7644783;5850000;11700000;2717391;5434783;4637500;9275000;1666848;3333696;871739;1743478;;;349728;699457;31232352;17461543;10476926;12223080;13969234;15715389
2021-10-12;750000;1700000;8709960;17419920;3862609;7725217;5850000;11700000;2732609;5465217;4650000;9300000;1695652;3391304;878261;1756522;;;381522;763043;31333438;17461543;10476926;12223080;13969234;15715389
2021-10-13;750000;1700000;8724091;17448181;3902826;7805652;5850000;11700000;2747826;5495652;4662500;9325000;1724457;3448913;884783;1769565;;;413315;826630;31434525;17461543;10476926;12223080;13969234;15715389
2021-10-14;750000;1700000;8738221;17476442;3943043;7886087;5850000;11700000;2763043;5526087;4675000;9350000;1753261;3506522;891304;1782609;;;445109;890217;31535612;17461543;10476926;12223080;13969234;15715389
2021-10-15;750000;1700000;8752352;17504703;3983261;7966522;5850000;11700000;2778261;5556522;4687500;9375000;1782065;3564130;897826;1795652;;;476902;953804;31636699;17461543;10476926;12223080;13969234;15715389
2021-10-16;750000;1700000;8766482;17532964;4023478;8046957;5850000;11700000;2793478;5586957;4700000;9400000;1810870;3621739;904348;1808696;;;508696;1017391;31737786;17461543;10476926;12223080;13969234;15715389
2021-10-17;750000;1700000;8780612;17561225;4063696;8127391;5850000;11700000;2808696;5617391;4712500;9425000;1839674;3679348;910870;1821739;;;540489;1080978;31838873;17461543;10476926;12223080;13969234;15715389
2021-10-18;750000;1700000;8794743;17589486;4103913;8207826;5850000;11700000;2823913;5647826;4725000;9450000;1868478;3736957;917391;1834783;;;572283;1144565;31939960;17461543;10476926;12223080;13969234;15715389
2021-10-19;750000;1700000;8808873;17617747;4144130;8288261;5850000;11700000;2839130;5678261;4737500;9475000;1897283;3794565;923913;1847826;;;604076;1208152;32041047;17461543;10476926;12223080;13969234;15715389
2021-10-20;750000;1700000;8823004;17646007;4184348;8368696;5850000;11700000;2854348;5708696;4750000;9500000;1926087;3852174;930435;1860870;;;635870;1271739;32142134;17461543;10476926;12223080;13969234;15715389
2021-10-21;750000;1700000;8837134;17674268;4224565;8449130;5850000;11700000;2869565;5739130;4762500;9525000;1954891;3909783;936957;1873913;;;667663;1335326;32243221;17461543;10476926;12223080;13969234;15715389
2021-10-22;750000;1700000;8851265;17702529;4264783;8529565;5850000;11700000;2884783;5769565;4775000;9550000;1983696;3967391;943478;1886957;;;699457;1398913;32344308;17461543;10476926;12223080;13969234;15715389
2021-10-23;750000;1700000;8865395;17730790;4305000;8610000;5850000;11700000;2900000;5800000;4787500;9575000;2012500;4025000;950000;1900000;;;731250;1462500;32445395;17461543;10476926;12223080;13969234;15715389
2021-10-24;750000;1700000;8879525;17759051;4345217;8690435;5850000;11700000;2915217;5830435;4800000;9600000;2041304;4082609;956522;1913043;;;763043;1526087;32546482;17461543;10476926;12223080;13969234;15715389
2021-10-25;750000;1700000;8893656;17787312;4385435;8770870;5850000;11700000;2930435;5860870;4812500;9625000;2070109;4140217;963043;1926087;;;794837;1589674;32647569;17461543;10476926;12223080;13969234;15715389
2021-10-26;750000;1700000;8907786;17815573;4425652;8851304;5850000;11700000;2945652;5891304;4825000;9650000;2098913;4197826;969565;1939130;;;826630;1653261;32748656;17461543;10476926;12223080;13969234;15715389
2021-10-27;750000;1700000;8921917;17843833;4465870;8931739;5850000;11700000;2960870;5921739;4837500;9675000;2127717;4255435;976087;1952174;;;858424;1716848;32849743;17461543;10476926;12223080;13969234;15715389
2021-10-28;750000;1700000;8936047;17872094;4506087;9012174;5850000;11700000;2976087;5952174;4850000;9700000;2156522;4313043;982609;1965217;;;890217;1780435;32950830;17461543;10476926;12223080;13969234;15715389
2021-10-29;750000;1700000;8950178;17900355;4546304;9092609;5850000;11700000;2991304;5982609;4862500;9725000;2185326;4370652;989130;1978261;;;922011;1844022;33051917;17461543;10476926;12223080;13969234;15715389
2021-10-30;750000;1700000;8964308;17928616;4586522;9173043;5850000;11700000;3006522;6013043;4875000;9750000;2214130;4428261;995652;1991304;;;953804;1907609;33153004;17461543;10476926;12223080;13969234;15715389
2021-10-31;750000;1700000;8978438;17956877;4626739;9253478;5850000;11700000;3021739;6043478;4887500;9775000;2242935;4485870;1002174;2004348;;;985598;1971196;33254091;17461543;10476926;12223080;13969234;15715389
2021-11-01;750000;1700000;8992569;17985138;4666957;9333913;5850000;11700000;3036957;6073913;4900000;9800000;2271739;4543478;1008696;2017391;;;1017391;2034783;33355178;17461543;10476926;12223080;13969234;15715389
2021-11-02;750000;1700000;9006699;18013399;4707174;9414348;5850000;11700000;3052174;6104348;4912500;9825000;2300543;4601087;1015217;2030435;;;1049185;2098370;33456265;17461543;10476926;12223080;13969234;15715389
2021-11-03;750000;1700000;9020830;18041660;4747391;9494783;5850000;11700000;3067391;6134783;4925000;9850000;2329348;4658696;1021739;2043478;;;1080978;2161957;33557352;17461543;10476926;12223080;13969234;15715389
2021-11-04;750000;1700000;9034960;18069920;4787609;9575217;5850000;11700000;3082609;6165217;4937500;9875000;2358152;4716304;1028261;2056522;;;1112772;2225543;33658438;17461543;10476926;12223080;13969234;15715389
2021-11-05;750000;1700000;9049091;18098181;4827826;9655652;5850000;11700000;3097826;6195652;4950000;9900000;2386957;4773913;1034783;2069565;;;1144565;2289130;33759525;17461543;10476926;12223080;13969234;15715389
2021-11-06;750000;1700000;9063221;18126442;4868043;9736087;5850000;11700000;3113043;6226087;4962500;9925000;2415761;4831522;1041304;2082609;;;1176359;2352717;33860612;17461543;10476926;12223080;13969234;15715389
2021-11-07;750000;1700000;9077352;18154703;4908261;9816522;5850000;11700000;3128261;6256522;4975000;9950000;2444565;4889130;1047826;2095652;;;1208152;2416304;33961699;17461543;10476926;12223080;13969234;15715389
2021-11-08;750000;1700000;9091482;18182964;4948478;9896957;5850000;11700000;3143478;6286957;4987500;9975000;2473370;4946739;1054348;2108696;;;1239946;2479891;34062786;17461543;10476926;12223080;13969234;15715389
2021-11-09;750000;1700000;9105612;18211225;4988696;9977391;5850000;11700000;3158696;6317391;5000000;10000000;2502174;5004348;1060870;2121739;;;1271739;2543478;34163873;17461543;10476926;12223080;13969234;15715389
2021-11-10;750000;1700000;9119743;18239486;5028913;10057826;5850000;11700000;3173913;6347826;5012500;10025000;2530978;5061957;1067391;2134783;;;1303533;2607065;34264960;17461543;10476926;12223080;13969234;15715389
2021-11-11;750000;1700000;9133873;18267747;5069130;10138261;5850000;11700000;3189130;6378261;5025000;10050000;2559783;5119565;1073913;2147826;;;1335326;2670652;34366047;17461543;10476926;12223080;13969234;15715389
2021-11-12;750000;1700000;9148004;18296007;5109348;10218696;5850000;11700000;3204348;6408696;5037500;10075000;2588587;5177174;1080435;2160870;;;1367120;2734239;34467134;17461543;10476926;12223080;13969234;15715389
2021-11-13;750000;1700000;9162134;18324268;5149565;10299130;5850000;11700000;3219565;6439130;5050000;10100000;2617391;5234783;1086957;2173913;;;1398913;2797826;34568221;17461543;10476926;12223080;13969234;15715389
2021-11-14;750000;1700000;9176265;18352529;5189783;10379565;5850000;11700000;3234783;6469565;5062500;10125000;2646196;5292391;1093478;2186957;;;1430707;2861413;34669308;17461543;10476926;12223080;13969234;15715389
2021-11-15;750000;1700000;9190395;18380790;5230000;10460000;5850000;11700000;3250000;6500000;5075000;10150000;2675000;5350000;1100000;2200000;;;1462500;2925000;34770395;17461543;10476926;12223080;13969234;15715389
2021-11-16;750000;1700000;9204525;18409051;5270217;10540435;5850000;11700000;3265217;6530435;5087500;10175000;2703804;5407609;1106522;2213043;;;1494293;2988587;34871482;17461543;10476926;12223080;13969234;15715389
2021-11-17;750000;1700000;9218656;18437312;5310435;10620870;5850000;11700000;3280435;6560870;5100000;10200000;2732609;5465217;1113043;2226087;;;1526087;3052174;34972569;17461543;10476926;12223080;13969234;15715389
2021-11-18;750000;1700000;9232786;18465573;5350652;10701304;5850000;11700000;3295652;6591304;5112500;10225000;2761413;5522826;1119565;2239130;;;1557880;3115761;35073656;17461543;10476926;12223080;13969234;15715389
2021-11-19;750000;1700000;9246917;18493833;5390870;10781739;5850000;11700000;3310870;6621739;5125000;10250000;2790217;5580435;1126087;2252174;;;1589674;3179348;35174743;17461543;10476926;12223080;13969234;15715389
2021-11-20;750000;1700000;9261047;18522094;5431087;10862174;5850000;11700000;3326087;6652174;5137500;10275000;2819022;5638043;1132609;2265217;;;1621467;3242935;35275830;17461543;10476926;12223080;13969234;15715389
2021-11-21;750000;1700000;9275178;18550355;5471304;10942609;5850000;11700000;3341304;6682609;5150000;10300000;2847826;5695652;1139130;2278261;;;1653261;3306522;35376917;17461543;10476926;12223080;13969234;15715389
2021-11-22;750000;1700000;9289308;18578616;5511522;11023043;5850000;11700000;3356522;6713043;5162500;10325000;2876630;5753261;1145652;2291304;;;1685054;3370109;35478004;17461543;10476926;12223080;13969234;15715389
2021-11-23;750000;1700000;9303438;18606877;5551739;11103478;5850000;11700000;3371739;6743478;5175000;10350000;2905435;5810870;1152174;2304348;;;1716848;3433696;35579091;17461543;10476926;12223080;13969234;15715389
2021-11-24;750000;1700000;9317569;18635138;5591957;11183913;5850000;11700000;3386957;6773913;5187500;10375000;2934239;5868478;1158696;2317391;;;1748641;3497283;35680178;17461543;10476926;12223080;13969234;15715389
2021-11-25;750000;1700000;9331699;18663399;5632174;11264348;5850000;11700000;3402174;6804348;5200000;10400000;2963043;5926087;1165217;2330435;;;1780435;3560870;35781265;17461543;10476926;12223080;13969234;15715389
2021-11-26;750000;1700000;9345830;18691660;5672391;11344783;5850000;11700000;3417391;6834783;5212500;10425000;2991848;5983696;1171739;2343478;;;1812228;3624457;35882352;17461543;10476926;12223080;13969234;15715389
2021-11-27;750000;1700000;9359960;18719920;5712609;11425217;5850000;11700000;3432609;6865217;5225000;10450000;3020652;6041304;1178261;2356522;;;1844022;3688043;35983438;17461543;10476926;12223080;13969234;15715389
2021-11-28;750000;1700000;9374091;18748181;5752826;11505652;5850000;11700000;3447826;6895652;5237500;10475000;3049457;6098913;1184783;2369565;;;1875815;3751630;36084525;17461543;10476926;12223080;13969234;15715389
2021-11-29;750000;1700000;9388221;18776442;5793043;11586087;5850000;11700000;3463043;6926087;5250000;10500000;3078261;6156522;1191304;2382609;;;1907609;3815217;36185612;17461543;10476926;12223080;13969234;15715389
2021-11-30;750000;1700000;9402352;18804703;5833261;11666522;5850000;11700000;3478261;6956522;5262500;10525000;3107065;6214130;1197826;2395652;;;1939402;3878804;36286699;17461543;10476926;12223080;13969234;15715389
2021-12-01;750000;1700000;9416482;18832964;5873478;11746957;5850000;11700000;3493478;6986957;5275000;10550000;3135870;6271739;1204348;2408696;;;1971196;3942391;36387786;17461543;10476926;12223080;13969234;15715389
2021-12-02;750000;1700000;9430612;18861225;5913696;11827391;5850000;11700000;3508696;7017391;5287500;10575000;3164674;6329348;1210870;2421739;;;2002989;4005978;36488873;17461543;10476926;12223080;13969234;15715389
2021-12-03;750000;1700000;9444743;18889486;5953913;11907826;5850000;11700000;3523913;7047826;5300000;10600000;3193478;6386957;1217391;2434783;;;2034783;4069565;36589960;17461543;10476926;12223080;13969234;15715389
2021-12-04;750000;1700000;9458873;18917747;5994130;11988261;5850000;11700000;3539130;7078261;5312500;10625000;3222283;6444565;1223913;2447826;;;2066576;4133152;36691047;17461543;10476926;12223080;13969234;15715389
2021-12-05;750000;1700000;9473004;18946007;6034348;12068696;5850000;11700000;3554348;7108696;5325000;10650000;3251087;6502174;1230435;2460870;;;2098370;4196739;36792134;17461543;10476926;12223080;13969234;15715389
2021-12-06;750000;1700000;9487134;18974268;6074565;12149130;5850000;11700000;3569565;7139130;5337500;10675000;3279891;6559783;1236957;2473913;;;2130163;4260326;36893221;17461543;10476926;12223080;13969234;15715389
2021-12-07;750000;1700000;9501265;19002529;6114783;12229565;5850000;11700000;3584783;7169565;5350000;10700000;3308696;6617391;1243478;2486957;;;2161957;4323913;36994308;17461543;10476926;12223080;13969234;15715389
2021-12-08;750000;1700000;9515395;19030790;6155000;12310000;5850000;11700000;3600000;7200000;5362500;10725000;3337500;6675000;1250000;2500000;;;2193750;4387500;37095395;17461543;10476926;12223080;13969234;15715389
2021-12-09;750000;1700000;9529525;19059051;6195217;12390435;5850000;11700000;3615217;7230435;5375000;10750000;3366304;6732609;1256522;2513043;;;2225543;4451087;37196482;17461543;10476926;12223080;13969234;15715389
2021-12-10;750000;1700000;9543656;19087312;6235435;12470870;5850000;11700000;3630435;7260870;5387500;10775000;3395109;6790217;1263043;2526087;;;2257337;4514674;37297569;17461543;10476926;12223080;13969234;15715389
2021-12-11;750000;1700000;9557786;19115573;6275652;12551304;5850000;11700000;3645652;7291304;5400000;10800000;3423913;6847826;1269565;2539130;;;2289130;4578261;37398656;17461543;10476926;12223080;13969234;15715389
2021-12-12;750000;1700000;9571917;19143833;6315870;12631739;5850000;11700000;3660870;7321739;5412500;10825000;3452717;6905435;1276087;2552174;;;2320924;4641848;37499743;17461543;10476926;12223080;13969234;15715389
2021-12-13;750000;1700000;9586047;19172094;6356087;12712174;5850000;11700000;3676087;7352174;5425000;10850000;3481522;6963043;1282609;2565217;;;2352717;4705435;37600830;17461543;10476926;12223080;13969234;15715389
2021-12-14;750000;1700000;9600178;19200355;6396304;12792609;5850000;11700000;3691304;7382609;5437500;10875000;3510326;7020652;1289130;2578261;;;2384511;4769022;37701917;17461543;10476926;12223080;13969234;15715389
2021-12-15;750000;1700000;9614308;19228616;6436522;12873043;5850000;11700000;3706522;7413043;5450000;10900000;3539130;7078261;1295652;2591304;;;2416304;4832609;37803004;17461543;10476926;12223080;13969234;15715389
2021-12-16;750000;1700000;9628438;19256877;6476739;12953478;5850000;11700000;3721739;7443478;5462500;10925000;3567935;7135870;1302174;2604348;;;2448098;4896196;37904091;17461543;10476926;12223080;13969234;15715389
2021-12-17;750000;1700000;9642569;19285138;6516957;13033913;5850000;11700000;3736957;7473913;5475000;10950000;3596739;7193478;1308696;2617391;;;2479891;4959783;38005178;17461543;10476926;12223080;13969234;15715389
2021-12-18;750000;1700000;9656699;19313399;6557174;13114348;5850000;11700000;3752174;7504348;5487500;10975000;3625543;7251087;1315217;2630435;;;2511685;5023370;38106265;17461543;10476926;12223080;13969234;15715389
2021-12-19;750000;1700000;9670830;19341660;6597391;13194783;5850000;11700000;3767391;7534783;5500000;11000000;3654348;7308696;1321739;2643478;;;2543478;5086957;38207352;17461543;10476926;12223080;13969234;15715389
2021-12-20;750000;1700000;9684960;19369920;6637609;13275217;5850000;11700000;3782609;7565217;5512500;11025000;3683152;7366304;1328261;2656522;;;2575272;5150543;38308438;17461543;10476926;12223080;13969234;15715389
2021-12-21;750000;1700000;9699091;19398181;6677826;13355652;5850000;11700000;3797826;7595652;5525000;11050000;3711957;7423913;1334783;2669565;;;2607065;5214130;38409525;17461543;10476926;12223080;13969234;15715389
2021-12-22;750000;1700000;9713221;19426442;6718043;13436087;5850000;11700000;3813043;7626087;5537500;11075000;3740761;7481522;1341304;2682609;;;2638859;5277717;38510612;17461543;10476926;12223080;13969234;15715389
2021-12-23;750000;1700000;9727352;19454703;6758261;13516522;5850000;11700000;3828261;7656522;5550000;11100000;3769565;7539130;1347826;2695652;;;2670652;5341304;38611699;17461543;10476926;12223080;13969234;15715389
2021-12-24;750000;1700000;9741482;19482964;6798478;13596957;5850000;11700000;3843478;7686957;5562500;11125000;3798370;7596739;1354348;2708696;;;2702446;5404891;38712786;17461543;10476926;12223080;13969234;15715389
2021-12-25;750000;1700000;9755612;19511225;6838696;13677391;5850000;11700000;3858696;7717391;5575000;11150000;3827174;7654348;1360870;2721739;;;2734239;5468478;38813873;17461543;10476926;12223080;13969234;15715389
2021-12-26;750000;1700000;9769743;19539486;6878913;13757826;5850000;11700000;3873913;7747826;5587500;11175000;3855978;7711957;1367391;2734783;;;2766033;5532065;38914960;17461543;10476926;12223080;13969234;15715389
2021-12-27;750000;1700000;9783873;19567747;6919130;13838261;5850000;11700000;3889130;7778261;5600000;11200000;3884783;7769565;1373913;2747826;;;2797826;5595652;39016047;17461543;10476926;12223080;13969234;15715389
2021-12-28;750000;1700000;9798004;19596007;6959348;13918696;5850000;11700000;3904348;7808696;5612500;11225000;3913587;7827174;1380435;2760870;;;2829620;5659239;39117134;17461543;10476926;12223080;13969234;15715389
2021-12-29;750000;1700000;9812134;19624268;6999565;13999130;5850000;11700000;3919565;7839130;5625000;11250000;3942391;7884783;1386957;2773913;;;2861413;5722826;39218221;17461543;10476926;12223080;13969234;15715389
2021-12-30;750000;1700000;9826265;19652529;7039783;14079565;5850000;11700000;3934783;7869565;5637500;11275000;3971196;7942391;1393478;2786957;;;2893207;5786413;39319308;17461543;10476926;12223080;13969234;15715389
2021-12-31;750000;1700000;9840395;19680790;7080000;14160000;5850000;11700000;3950000;7900000;5650000;11300000;4000000;8000000;1400000;2800000;0;0;2925000;5850000;39420395;17461543;10476926;12223080;13969234;15715389
2022-01-01;750000;1700000;9840395;19680790;7080001;14160001;5850000;11700000;3965556;7931111;5650000;11300000;4000000;8000000;1405556;2811111;6667;13333;3342857;6685714;39448173;17461543;10476926;12223080;13969234;15715389
2022-01-02;750000;1700000;9840395;19680790;7080001;14160002;5850000;11700000;3981111;7962222;5650000;11300000;4000000;8000000;1411111;2822222;13333;26667;3760714;7521429;39475952;17461543;10476926;12223080;13969234;15715389
2022-01-03;750000;1700000;9840395;19680790;7080002;14160003;5850000;11700000;3996667;7993333;5650000;11300000;4000000;8000000;1416667;2833333;20000;40000;4178571;8357143;39503730;17461543;10476926;12223080;13969234;15715389
2022-01-04;750000;1700000;9840395;19680790;7080002;14160004;5850000;11700000;4012222;8024444;5650000;11300000;4000000;8000000;1422222;2844444;26667;53333;4596429;9192857;39531508;17461543;10476926;12223080;13969234;15715389
2022-01-05;750000;1700000;9840395;19680790;7080003;14160005;5850000;11700000;4027778;8055556;5650000;11300000;4000000;8000000;1427778;2855556;33333;66667;5014286;10028571;39559286;17461543;10476926;12223080;13969234;15715389
2022-01-06;750000;1700000;9840395;19680790;7080003;14160006;5850000;11700000;4043333;8086667;5650000;11300000;4000000;8000000;1433333;2866667;40000;80000;5432143;10864286;39587065;17461543;10476926;12223080;13969234;15715389
2022-01-07;750000;1700000;9840395;19680790;7080004;14160007;5850000;11700000;4058889;8117778;5650000;11300000;4000000;8000000;1438889;2877778;46667;93333;5850000;11700000;39614843;17461543;10476926;12223080;13969234;15715389
2022-01-08;;;9840396;19680791;7080004;14160008;5850000;11700000;4074444;8148889;5650000;11300000;;;1444444;2888889;53333;106667;;;39642622;;;;;
2022-01-09;;;9840396;19680792;7080005;14160009;5850000;11700000;4090000;8180000;5650000;11300000;;;1450000;2900000;60000;120000;;;39670401;;;;;
2022-01-10;;;9840397;19680793;7080005;14160010;5850000;11700000;4105556;8211111;5650000;11300000;;;1455556;2911111;66667;133333;;;39698179;;;;;
2022-01-11;;;9840397;19680794;7080006;14160011;5850000;11700000;4121111;8242222;5650000;11300000;;;1461111;2922222;73333;146667;;;39725958;;;;;
2022-01-12;;;9840398;19680795;7080006;14160012;5850000;11700000;4136667;8273333;5650000;11300000;;;1466667;2933333;80000;160000;;;39753737;;;;;
2022-01-13;;;9840398;19680796;7080007;14160013;5850000;11700000;4152222;8304444;5650000;11300000;;;1472222;2944444;86667;173333;;;39781516;;;;;
2022-01-14;;;9840399;19680797;7080007;14160014;5850000;11700000;4167778;8335556;5650000;11300000;;;1477778;2955556;93333;186667;;;39809294;;;;;
2022-01-15;;;9840399;19680798;7080008;14160015;5850000;11700000;4183333;8366667;5650000;11300000;;;1483333;2966667;100000;200000;;;39837073;;;;;
2022-01-16;;;9840400;19680799;7080008;14160016;5850000;11700000;4198889;8397778;5650000;11300000;;;1488889;2977778;106667;213333;;;39864852;;;;;
2022-01-17;;;9840400;19680800;7080009;14160017;5850000;11700000;4214444;8428889;5650000;11300000;;;1494444;2988889;113333;226667;;;39892631;;;;;
2022-01-18;;;9840401;19680801;7080009;14160018;5850000;11700000;4230000;8460000;5650000;11300000;;;1500000;3000000;120000;240000;;;39920410;;;;;
2022-01-19;;;9840401;19680802;7080010;14160019;5850000;11700000;4245556;8491111;5650000;11300000;;;1505556;3011111;126667;253333;;;39948188;;;;;
2022-01-20;;;9840402;19680803;7080010;14160020;5850000;11700000;4261111;8522222;5650000;11300000;;;1511111;3022222;133333;266667;;;39975967;;;;;
2022-01-21;;;9840402;19680804;7080011;14160021;5850000;11700000;4276667;8553333;5650000;11300000;;;1516667;3033333;140000;280000;;;40003746;;;;;
2022-01-22;;;9840403;19680805;7080011;14160022;5850000;11700000;4292222;8584444;5650000;11300000;;;1522222;3044444;146667;293333;;;40031525;;;;;
2022-01-23;;;9840403;19680806;7080012;14160023;5850000;11700000;4307778;8615556;5650000;11300000;;;1527778;3055556;153333;306667;;;40059303;;;;;
2022-01-24;;;9840404;19680807;7080012;14160024;5850000;11700000;4323333;8646667;5650000;11300000;;;1533333;3066667;160000;320000;;;40087082;;;;;
2022-01-25;;;9840404;19680808;7080013;14160025;5850000;11700000;4338889;8677778;5650000;11300000;;;1538889;3077778;166667;333333;;;40114861;;;;;
2022-01-26;;;9840405;19680809;7080013;14160026;5850000;11700000;4354444;8708889;5650000;11300000;;;1544444;3088889;173333;346667;;;40142640;;;;;
2022-01-27;;;9840405;19680810;7080014;14160027;5850000;11700000;4370000;8740000;5650000;11300000;;;1550000;3100000;180000;360000;;;40170419;;;;;
2022-01-28;;;9840406;19680811;7080014;14160028;5850000;11700000;4385556;8771111;5650000;11300000;;;1555556;3111111;186667;373333;;;40198197;;;;;
2022-01-29;;;9840406;19680812;7080015;14160029;5850000;11700000;4401111;8802222;5650000;11300000;;;1561111;3122222;193333;386667;;;40225976;;;;;
2022-01-30;;;9840407;19680813;7080015;14160030;5850000;11700000;4416667;8833333;5650000;11300000;;;1566667;3133333;200000;400000;;;40253755;;;;;
2022-01-31;;;9840407;19680814;7080016;14160031;5850000;11700000;4432222;8864444;5650000;11300000;;;1572222;3144444;206667;413333;;;40281534;;;;;
2022-02-01;;;9840408;19680815;7080016;14160032;5850000;11700000;4447778;8895556;5650000;11300000;;;1577778;3155556;213333;426667;;;40309312;;;;;
2022-02-02;;;9840408;19680816;7080017;14160033;5850000;11700000;4463333;8926667;5650000;11300000;;;1583333;3166667;220000;440000;;;40337091;;;;;
2022-02-03;;;9840409;19680817;7080017;14160034;5850000;11700000;4478889;8957778;5650000;11300000;;;1588889;3177778;226667;453333;;;40364870;;;;;
2022-02-04;;;9840409;19680818;7080018;14160035;5850000;11700000;4494444;8988889;5650000;11300000;;;1594444;3188889;233333;466667;;;40392649;;;;;
2022-02-05;;;9840410;19680819;7080018;14160036;5850000;11700000;4510000;9020000;5650000;11300000;;;1600000;3200000;240000;480000;;;40420428;;;;;
2022-02-06;;;9840410;19680820;7080019;14160037;5850000;11700000;4525556;9051111;5650000;11300000;;;1605556;3211111;246667;493333;;;40448206;;;;;
2022-02-07;;;9840411;19680821;7080019;14160038;5850000;11700000;4541111;9082222;5650000;11300000;;;1611111;3222222;253333;506667;;;40475985;;;;;
2022-02-08;;;9840411;19680822;7080020;14160039;5850000;11700000;4556667;9113333;5650000;11300000;;;1616667;3233333;260000;520000;;;40503764;;;;;
2022-02-09;;;9840412;19680823;7080020;14160040;5850000;11700000;4572222;9144444;5650000;11300000;;;1622222;3244444;266667;533333;;;40531543;;;;;
2022-02-10;;;9840412;19680824;7080021;14160041;5850000;11700000;4587778;9175556;5650000;11300000;;;1627778;3255556;273333;546667;;;40559321;;;;;
2022-02-11;;;9840413;19680825;7080021;14160042;5850000;11700000;4603333;9206667;5650000;11300000;;;1633333;3266667;280000;560000;;;40587100;;;;;
2022-02-12;;;9840413;19680826;7080022;14160043;5850000;11700000;4618889;9237778;5650000;11300000;;;1638889;3277778;286667;573333;;;40614879;;;;;
2022-02-13;;;9840414;19680827;7080022;14160044;5850000;11700000;4634444;9268889;5650000;11300000;;;1644444;3288889;293333;586667;;;40642658;;;;;
2022-02-14;;;9840414;19680828;7080023;14160045;5850000;11700000;4650000;9300000;5650000;11300000;;;1650000;3300000;300000;600000;;;40670437;;;;;
2022-02-15;;;9840415;19680829;7080023;14160046;5850000;11700000;4665556;9331111;5650000;11300000;;;1655556;3311111;306667;613333;;;40698215;;;;;
2022-02-16;;;9840415;19680830;7080024;14160047;5850000;11700000;4681111;9362222;5650000;11300000;;;1661111;3322222;313333;626667;;;40725994;;;;;
2022-02-17;;;9840416;19680831;7080024;14160048;5850000;11700000;4696667;9393333;5650000;11300000;;;1666667;3333333;320000;640000;;;40753773;;;;;
2022-02-18;;;9840416;19680832;7080025;14160049;5850000;11700000;4712222;9424444;5650000;11300000;;;1672222;3344444;326667;653333;;;40781552;;;;;
2022-02-19;;;9840417;19680833;7080025;14160050;5850000;11700000;4727778;9455556;5650000;11300000;;;1677778;3355556;333333;666667;;;40809330;;;;;
2022-02-20;;;9840417;19680834;7080026;14160051;5850000;11700000;4743333;9486667;5650000;11300000;;;1683333;3366667;340000;680000;;;40837109;;;;;
2022-02-21;;;9840418;19680835;7080026;14160052;5850000;11700000;4758889;9517778;5650000;11300000;;;1688889;3377778;346667;693333;;;40864888;;;;;
2022-02-22;;;9840418;19680836;7080027;14160053;5850000;11700000;4774444;9548889;5650000;11300000;;;1694444;3388889;353333;706667;;;40892667;;;;;
2022-02-23;;;9840419;19680837;7080027;14160054;5850000;11700000;4790000;9580000;5650000;11300000;;;1700000;3400000;360000;720000;;;40920446;;;;;
2022-02-24;;;9840419;19680838;7080028;14160055;5850000;11700000;4805556;9611111;5650000;11300000;;;1705556;3411111;366667;733333;;;40948224;;;;;
2022-02-25;;;9840420;19680839;7080028;14160056;5850000;11700000;4821111;9642222;5650000;11300000;;;1711111;3422222;373333;746667;;;40976003;;;;;
2022-02-26;;;9840420;19680840;7080029;14160057;5850000;11700000;4836667;9673333;5650000;11300000;;;1716667;3433333;380000;760000;;;41003782;;;;;
2022-02-27;;;9840421;19680841;7080029;14160058;5850000;11700000;4852222;9704444;5650000;11300000;;;1722222;3444444;386667;773333;;;41031561;;;;;
2022-02-28;;;9840421;19680842;7080030;14160059;5850000;11700000;4867778;9735556;5650000;11300000;;;1727778;3455556;393333;786667;;;41059339;;;;;
2022-03-01;;;9840422;19680843;7080030;14160060;5850000;11700000;4883333;9766667;5650000;11300000;;;1733333;3466667;400000;800000;;;41087118;;;;;
2022-03-02;;;9840422;19680844;7080031;14160061;5850000;11700000;4898889;9797778;5650000;11300000;;;1738889;3477778;406667;813333;;;41114897;;;;;
2022-03-03;;;9840423;19680845;7080031;14160062;5850000;11700000;4914444;9828889;5650000;11300000;;;1744444;3488889;413333;826667;;;41142676;;;;;
2022-03-04;;;9840423;19680846;7080032;14160063;5850000;11700000;4930000;9860000;5650000;11300000;;;1750000;3500000;420000;840000;;;41170455;;;;;
2022-03-05;;;9840424;19680847;7080032;14160064;5850000;11700000;4945556;9891111;5650000;11300000;;;1755556;3511111;426667;853333;;;41198233;;;;;
2022-03-06;;;9840424;19680848;7080033;14160065;5850000;11700000;4961111;9922222;5650000;11300000;;;1761111;3522222;433333;866667;;;41226012;;;;;
2022-03-07;;;9840425;19680849;7080033;14160066;5850000;11700000;4976667;9953333;5650000;11300000;;;1766667;3533333;440000;880000;;;41253791;;;;;
2022-03-08;;;9840425;19680850;7080034;14160067;5850000;11700000;4992222;9984444;5650000;11300000;;;1772222;3544444;446667;893333;;;41281570;;;;;
2022-03-09;;;9840426;19680851;7080034;14160068;5850000;11700000;5007778;10015556;5650000;11300000;;;1777778;3555556;453333;906667;;;41309348;;;;;
2022-03-10;;;9840426;19680852;7080035;14160069;5850000;11700000;5023333;10046667;5650000;11300000;;;1783333;3566667;460000;920000;;;41337127;;;;;
2022-03-11;;;9840427;19680853;7080035;14160070;5850000;11700000;5038889;10077778;5650000;11300000;;;1788889;3577778;466667;933333;;;41364906;;;;;
2022-03-12;;;9840427;19680854;7080036;14160071;5850000;11700000;5054444;10108889;5650000;11300000;;;1794444;3588889;473333;946667;;;41392685;;;;;
2022-03-13;;;9840428;19680855;7080036;14160072;5850000;11700000;5070000;10140000;5650000;11300000;;;1800000;3600000;480000;960000;;;41420464;;;;;
2022-03-14;;;9840428;19680856;7080037;14160073;5850000;11700000;5085556;10171111;5650000;11300000;;;1805556;3611111;486667;973333;;;41448242;;;;;
2022-03-15;;;9840429;19680857;7080037;14160074;5850000;11700000;5101111;10202222;5650000;11300000;;;1811111;3622222;493333;986667;;;41476021;;;;;
2022-03-16;;;9840429;19680858;7080038;14160075;5850000;11700000;5116667;10233333;5650000;11300000;;;1816667;3633333;500000;1000000;;;41503800;;;;;
2022-03-17;;;9840430;19680859;7080038;14160076;5850000;11700000;5132222;10264444;5650000;11300000;;;1822222;3644444;506667;1013333;;;41531579;;;;;
2022-03-18;;;9840430;19680860;7080039;14160077;5850000;11700000;5147778;10295556;5650000;11300000;;;1827778;3655556;513333;1026667;;;41559357;;;;;
2022-03-19;;;9840431;19680861;7080039;14160078;5850000;11700000;5163333;10326667;5650000;11300000;;;1833333;3666667;520000;1040000;;;41587136;;;;;
2022-03-20;;;9840431;19680862;7080040;14160079;5850000;11700000;5178889;10357778;5650000;11300000;;;1838889;3677778;526667;1053333;;;41614915;;;;;
2022-03-21;;;9840432;19680863;7080040;14160080;5850000;11700000;5194444;10388889;5650000;11300000;;;1844444;3688889;533333;1066667;;;41642694;;;;;
2022-03-22;;;9840432;19680864;7080041;14160081;5850000;11700000;5210000;10420000;5650000;11300000;;;1850000;3700000;540000;1080000;;;41670473;;;;;
2022-03-23;;;9840433;19680865;7080041;14160082;5850000;11700000;5225556;10451111;5650000;11300000;;;1855556;3711111;546667;1093333;;;41698251;;;;;
2022-03-24;;;9840433;19680866;7080042;14160083;5850000;11700000;5241111;10482222;5650000;11300000;;;1861111;3722222;553333;1106667;;;41726030;;;;;
2022-03-25;;;9840434;19680867;7080042;14160084;5850000;11700000;5256667;10513333;5650000;11300000;;;1866667;3733333;560000;1120000;;;41753809;;;;;
2022-03-26;;;9840434;19680868;7080043;14160085;5850000;11700000;5272222;10544444;5650000;11300000;;;1872222;3744444;566667;1133333;;;41781588;;;;;
2022-03-27;;;9840435;19680869;7080043;14160086;5850000;11700000;5287778;10575556;5650000;11300000;;;1877778;3755556;573333;1146667;;;41809366;;;;;
2022-03-28;;;9840435;19680870;7080044;14160087;5850000;11700000;5303333;10606667;5650000;11300000;;;1883333;3766667;580000;1160000;;;41837145;;;;;
2022-03-29;;;9840436;19680871;7080044;14160088;5850000;11700000;5318889;10637778;5650000;11300000;;;1888889;3777778;586667;1173333;;;41864924;;;;;
2022-03-30;;;9840436;19680872;7080045;14160089;5850000;11700000;5334444;10668889;5650000;11300000;;;1894444;3788889;593333;1186667;;;41892703;;;;;
2022-03-31;;;9840437;19680873;7080045;14160090;5850000;11700000;5350000;10700000;5650000;11300000;;;1900000;3800000;600000;1200000;;;41920482;;;;;
