"dateInTable","dead","cases","hosp","MACases","MAhosp","MAdead","ma_c_lag","ma_c_lead","gf_c","ma_h_lag","ma_h_lead","gf_h","ma_d_lag","ma_d_lead","gf_d"
"2020-02-27",0,0,1,0,0,0,NA,0,NA,NA,0,NA,NA,0,NA
"2020-02-28",0,1,0,0,0,0,NA,0,NA,NA,0,NA,NA,0,NA
"2020-02-29",0,1,1,0,0,0,NA,0,NA,NA,0,NA,NA,0,NA
"2020-03-01",0,3,0,0,0,0,NA,3.42857142857143,NA,NA,0.571428571428571,NA,NA,0,NA
"2020-03-02",0,5,0,0,0,0,NA,5.85714285714286,NA,NA,0.857142857142857,NA,NA,0,NA
"2020-03-03",0,4,1,0,0,0,NA,11.4285714285714,NA,NA,1.57142857142857,NA,NA,0,NA
"2020-03-04",0,10,1,3.42857142857143,0.571428571428571,0,NA,18.4285714285714,NA,NA,2.42857142857143,NA,NA,0.142857142857143,NA
"2020-03-05",0,17,3,5.85714285714286,0.857142857142857,0,0,22.5714285714286,Inf,0,4,Inf,0,0.285714285714286,NA
"2020-03-06",0,40,5,11.4285714285714,1.57142857142857,0,0,30.5714285714286,Inf,0,4.71428571428571,Inf,0,0.428571428571429,NA
"2020-03-07",1,50,7,18.4285714285714,2.42857142857143,0.142857142857143,0,48.5714285714286,Inf,0,5.85714285714286,Inf,0,0.428571428571429,Inf
"2020-03-08",1,32,11,22.5714285714286,4,0.285714285714286,0,64.7142857142857,Inf,0,8.14285714285714,Inf,0,0.571428571428571,Inf
"2020-03-09",1,61,5,30.5714285714286,4.71428571428571,0.428571428571429,0,80.4285714285714,Inf,0,10.8571428571429,Inf,0,0.571428571428571,Inf
"2020-03-10",0,130,9,48.5714285714286,5.85714285714286,0.428571428571429,0,90.8571428571429,Inf,0,13.4285714285714,Inf,0,0.857142857142857,Inf
"2020-03-11",1,123,17,64.7142857142857,8.14285714285714,0.571428571428571,3.42857142857143,115,1787.5,0.571428571428571,16.4285714285714,1325,0,1.28571428571429,Inf
"2020-03-12",0,127,22,80.4285714285714,10.8571428571429,0.571428571428571,5.85714285714286,135.142857142857,1273.2,0.857142857142857,18.2857142857143,1166.7,0,2.14285714285714,Inf
"2020-03-13",2,113,23,90.8571428571429,13.4285714285714,0.857142857142857,11.4285714285714,165,695,1.57142857142857,23.2857142857143,754.5,0,2.57142857142857,Inf
"2020-03-14",4,219,28,115,16.4285714285714,1.28571428571429,18.4285714285714,187.571428571429,524,2.42857142857143,37,576.5,0.142857142857143,5,800
"2020-03-15",7,173,24,135.142857142857,18.2857142857143,2.14285714285714,22.5714285714286,219.571428571429,498.7,4,47.5714285714286,357.1,0.285714285714286,7,650
"2020-03-16",4,270,40,165,23.2857142857143,2.57142857142857,30.5714285714286,258,439.7,4.71428571428571,54.8571428571429,393.9,0.428571428571429,10.2857142857143,500
"2020-03-17",17,288,105,187.571428571429,37,5,48.5714285714286,318,286.2,5.85714285714286,71.7142857142857,531.7,0.428571428571429,14,1066.7
"2020-03-18",15,347,91,219.571428571429,47.5714285714286,7,64.7142857142857,377.714285714286,239.3,8.14285714285714,96.2857142857143,484.2,0.571428571428571,17.7142857142857,1125
"2020-03-19",23,396,73,258,54.8571428571429,10.2857142857143,80.4285714285714,439.428571428571,220.8,10.8571428571429,115.857142857143,405.3,0.571428571428571,23,1700
"2020-03-20",28,533,141,318,71.7142857142857,14,90.8571428571429,479.857142857143,250,13.4285714285714,142.857142857143,434,0.857142857142857,27,1533.3
"2020-03-21",30,637,200,377.714285714286,96.2857142857143,17.7142857142857,115,545.714285714286,228.4,16.4285714285714,162.857142857143,486.1,1.28571428571429,33.4285714285714,1277.8
"2020-03-22",44,605,161,439.428571428571,115.857142857143,23,135.142857142857,616.571428571429,225.2,18.2857142857143,196.285714285714,533.6,2.14285714285714,42.1428571428571,973.3
"2020-03-23",32,553,229,479.857142857143,142.857142857143,27,165,703.857142857143,190.8,23.2857142857143,231.142857142857,513.5,2.57142857142857,49,950
"2020-03-24",62,749,245,545.714285714286,162.857142857143,33.4285714285714,187.571428571429,794.428571428571,190.9,37,259.428571428571,340.2,5,62.4285714285714,568.6
"2020-03-25",76,843,325,616.571428571429,196.285714285714,42.1428571428571,219.571428571429,867.142857142857,180.8,47.5714285714286,296.857142857143,312.6,7,70.8571428571429,502
"2020-03-26",71,1007,317,703.857142857143,231.142857142857,49,258,936.714285714286,172.8,54.8571428571429,346.714285714286,321.4,10.2857142857143,82,376.4
"2020-03-27",122,1167,339,794.428571428571,259.428571428571,62.4285714285714,318,982.571428571429,149.8,71.7142857142857,383.857142857143,261.8,14,89.4285714285714,345.9
"2020-03-28",89,1146,462,867.142857142857,296.857142857143,70.8571428571429,377.714285714286,995,129.6,96.2857142857143,448.142857142857,208.3,17.7142857142857,104.571428571429,300
"2020-03-29",122,1092,510,936.714285714286,346.714285714286,82,439.428571428571,1018.57142857143,113.2,115.857142857143,472.428571428571,199.3,23,112.714285714286,256.5
"2020-03-30",84,874,489,982.571428571429,383.857142857143,89.4285714285714,479.857142857143,1029.42857142857,104.8,142.857142857143,513.142857142857,168.7,27,124.714285714286,231.2
"2020-03-31",168,836,695,995,448.142857142857,104.571428571429,545.714285714286,1008.42857142857,82.3,162.857142857143,536.285714285714,175.2,33.4285714285714,128,212.8
"2020-04-01",133,1008,495,1018.57142857143,472.428571428571,112.714285714286,616.571428571429,987.857142857143,65.2,196.285714285714,522.142857142857,140.7,42.1428571428571,142,167.5
"2020-04-02",155,1083,602,1029.42857142857,513.142857142857,124.714285714286,703.857142857143,988.857142857143,46.3,231.142857142857,482.571428571429,122,49,139.285714285714,154.5
"2020-04-03",145,1020,501,1008.42857142857,536.285714285714,128,794.428571428571,999,26.9,259.428571428571,449.571428571429,106.7,62.4285714285714,140.285714285714,105
"2020-04-04",187,1002,363,987.857142857143,522.142857142857,142,867.142857142857,991.285714285714,13.9,296.857142857143,391,75.9,70.8571428571429,149.285714285714,100.4
"2020-04-05",103,1099,233,988.857142857143,482.571428571429,139.285714285714,936.714285714286,984.285714285714,5.6,346.714285714286,365,39.2,82,152.714285714286,69.9
"2020-04-06",91,945,258,999,449.571428571429,140.285714285714,982.571428571429,1002.14285714286,1.7,383.857142857143,314.714285714286,17.1,89.4285714285714,151,56.9
"2020-04-07",231,782,285,991.285714285714,391,149.285714285714,995,1046,-0.4,448.142857142857,273.285714285714,-12.8,104.571428571429,147.285714285714,42.8
"2020-04-08",157,959,313,984.285714285714,365,152.714285714286,1018.57142857143,1088.71428571429,-3.4,472.428571428571,252,-22.7,112.714285714286,140.857142857143,35.5
"2020-04-09",143,1208,250,1002.14285714286,314.714285714286,151,1029.42857142857,1099,-2.7,513.142857142857,246.428571428571,-38.7,124.714285714286,139.857142857143,21.1
"2020-04-10",119,1327,211,1046,273.285714285714,147.285714285714,1008.42857142857,1101,3.7,536.285714285714,228,-49,128,137.428571428571,15.1
"2020-04-11",142,1301,214,1088.71428571429,252,140.857142857143,987.857142857143,1112.42857142857,10.2,522.142857142857,216.714285714286,-51.7,142,119.714285714286,-0.8
"2020-04-12",96,1171,194,1099,246.428571428571,139.857142857143,988.857142857143,1079.71428571429,11.1,482.571428571429,201.714285714286,-48.9,139.285714285714,126.142857142857,0.4
"2020-04-13",74,959,129,1101,228,137.428571428571,999,1060,10.2,449.571428571429,190.142857142857,-49.3,140.285714285714,131,-2
"2020-04-14",107,862,206,1112.42857142857,216.714285714286,119.714285714286,991.285714285714,1046.71428571429,12.2,391,182.142857142857,-44.6,149.285714285714,135.857142857143,-19.8
"2020-04-15",202,730,208,1079.71428571429,201.714285714286,126.142857142857,984.285714285714,1030.28571428571,9.7,365,171.285714285714,-44.7,152.714285714286,136.857142857143,-17.4
"2020-04-16",177,1070,169,1060,190.142857142857,131,1002.14285714286,1009.14285714286,5.8,314.714285714286,158,-39.6,151,134.428571428571,-13.2
"2020-04-17",153,1234,155,1046.71428571429,182.142857142857,135.857142857143,1046,979,0.1,273.285714285714,150.857142857143,-33.4,147.285714285714,132.285714285714,-7.8
"2020-04-18",149,1186,138,1030.28571428571,171.285714285714,136.857142857143,1088.71428571429,958.142857142857,-5.4,252,138.142857142857,-32,140.857142857143,140.285714285714,-2.8
"2020-04-19",79,1023,101,1009.14285714286,158,134.428571428571,1099,955,-8.2,246.428571428571,126.857142857143,-35.9,139.857142857143,130.571428571429,-3.9
"2020-04-20",59,748,79,979,150.857142857143,132.285714285714,1101,927.285714285714,-11.1,228,121.571428571429,-33.8,137.428571428571,124.285714285714,-3.7
"2020-04-21",163,716,117,958.142857142857,138.142857142857,140.285714285714,1112.42857142857,866,-13.9,216.714285714286,117.428571428571,-36.3,119.714285714286,118.285714285714,17.2
"2020-04-22",134,708,129,955,126.857142857143,130.571428571429,1079.71428571429,789,-11.6,201.714285714286,112.142857142857,-37.1,126.142857142857,115.142857142857,3.5
"2020-04-23",133,876,132,927.285714285714,121.571428571429,124.285714285714,1060,735.857142857143,-12.5,190.142857142857,109.142857142857,-36.1,131,113,-5.1
"2020-04-24",111,805,126,866,117.428571428571,118.285714285714,1046.71428571429,686.857142857143,-17.3,182.142857142857,106.571428571429,-35.5,135.857142857143,110.857142857143,-12.9
"2020-04-25",127,647,101,789,112.142857142857,115.142857142857,1030.28571428571,612.142857142857,-23.4,171.285714285714,102.714285714286,-34.5,136.857142857143,94.2857142857143,-15.9
"2020-04-26",64,651,80,735.857142857143,109.142857142857,113,1009.14285714286,566.428571428571,-27.1,158,95.7142857142857,-30.9,134.428571428571,95.2857142857143,-15.9
"2020-04-27",44,405,61,686.857142857143,106.571428571429,110.857142857143,979,513.714285714286,-29.8,150.857142857143,89.8571428571429,-29.4,132.285714285714,88.4285714285714,-16.2
"2020-04-28",47,193,90,612.142857142857,102.714285714286,94.2857142857143,958.142857142857,467,-36.1,138.142857142857,83,-25.6,140.285714285714,87,-32.8
"2020-04-29",141,388,80,566.428571428571,95.7142857142857,95.2857142857143,955,437,-40.7,126.857142857143,82.7142857142857,-24.5,130.571428571429,81.2857142857143,-27
"2020-04-30",85,507,91,513.714285714286,89.8571428571429,88.4285714285714,927.285714285714,392.285714285714,-44.6,121.571428571429,77.2857142857143,-26.1,124.285714285714,83.8571428571429,-28.9
"2020-05-01",101,478,78,467,83,87,866,363.142857142857,-46.1,117.428571428571,73.1428571428571,-29.3,118.285714285714,79.7142857142857,-26.4
"2020-05-02",87,437,99,437,82.7142857142857,81.2857142857143,789,381.142857142857,-44.6,112.142857142857,72.2857142857143,-26.2,115.142857142857,85.8571428571429,-29.4
"2020-05-03",82,338,42,392.285714285714,77.2857142857143,83.8571428571429,735.857142857143,371.285714285714,-46.7,109.142857142857,64.4285714285714,-29.2,113,70.4285714285714,-25.8
"2020-05-04",15,201,32,363.142857142857,73.1428571428571,79.7142857142857,686.857142857143,350.428571428571,-47.1,106.571428571429,56.4285714285714,-31.4,110.857142857143,71,-28.1
"2020-05-05",90,319,84,381.142857142857,72.2857142857143,85.8571428571429,612.142857142857,327.714285714286,-37.7,102.714285714286,55.2857142857143,-29.6,94.2857142857143,67.4285714285714,-8.9
"2020-05-06",33,319,25,371.285714285714,64.4285714285714,70.4285714285714,566.428571428571,306.428571428571,-34.5,95.7142857142857,49.7142857142857,-32.7,95.2857142857143,64.4285714285714,-26.1
"2020-05-07",89,361,35,350.428571428571,56.4285714285714,71,513.714285714286,292.714285714286,-31.8,89.8571428571429,47.4285714285714,-37.2,88.4285714285714,55.4285714285714,-19.7
"2020-05-08",76,319,70,327.714285714286,55.2857142857143,67.4285714285714,467,289.571428571429,-29.8,83,47,-33.4,87,54.2857142857143,-22.5
"2020-05-09",66,288,60,306.428571428571,49.7142857142857,64.4285714285714,437,271.857142857143,-29.9,82.7142857142857,40.8571428571429,-39.9,81.2857142857143,49.4285714285714,-20.7
"2020-05-10",19,242,26,292.714285714286,47.4285714285714,55.4285714285714,392.285714285714,258.142857142857,-25.4,77.2857142857143,45.8571428571429,-38.6,83.8571428571429,52.1428571428571,-33.9
"2020-05-11",7,179,29,289.571428571429,47,54.2857142857143,363.142857142857,245.714285714286,-20.3,73.1428571428571,45,-35.7,79.7142857142857,43.7142857142857,-31.9
"2020-05-12",56,195,41,271.857142857143,40.8571428571429,49.4285714285714,381.142857142857,229,-28.7,72.2857142857143,40.2857142857143,-43.5,85.8571428571429,40,-42.4
"2020-05-13",52,223,60,258.142857142857,45.8571428571429,52.1428571428571,371.285714285714,215.571428571429,-30.5,64.4285714285714,38.7142857142857,-28.8,70.4285714285714,35.4285714285714,-26
"2020-05-14",30,274,29,245.714285714286,45,43.7142857142857,350.428571428571,198.857142857143,-29.9,56.4285714285714,36.5714285714286,-20.3,71,34.1428571428571,-38.4
"2020-05-15",50,202,37,229,40.2857142857143,40,327.714285714286,194.428571428571,-30.1,55.2857142857143,36.7142857142857,-27.1,67.4285714285714,35,-40.7
"2020-05-16",34,194,49,215.571428571429,38.7142857142857,35.4285714285714,306.428571428571,182.428571428571,-29.7,49.7142857142857,35.5714285714286,-22.1,64.4285714285714,30.4285714285714,-45
"2020-05-17",10,125,11,198.857142857143,36.5714285714286,34.1428571428571,292.714285714286,177.285714285714,-32.1,47.4285714285714,29,-22.9,55.4285714285714,27.7142857142857,-38.4
"2020-05-18",13,148,30,194.428571428571,36.7142857142857,35,289.571428571429,174.428571428571,-32.9,47,26.7142857142857,-21.9,54.2857142857143,27.5714285714286,-35.5
"2020-05-19",24,111,33,182.428571428571,35.5714285714286,30.4285714285714,271.857142857143,171.857142857143,-32.9,40.8571428571429,22.8571428571429,-12.9,49.4285714285714,21.8571428571429,-38.4
"2020-05-20",33,187,14,177.285714285714,29,27.7142857142857,258.142857142857,169.428571428571,-31.3,45.8571428571429,17.7142857142857,-36.8,52.1428571428571,20.2857142857143,-46.8
"2020-05-21",29,254,13,174.428571428571,26.7142857142857,27.5714285714286,245.714285714286,176.285714285714,-29,45,17.8571428571429,-40.6,43.7142857142857,20.4285714285714,-36.9
"2020-05-22",10,184,10,171.857142857143,22.8571428571429,21.8571428571429,229,185.571428571429,-25,40.2857142857143,15,-43.3,40,19.8571428571429,-45.4
"2020-05-23",23,177,13,169.428571428571,17.7142857142857,20.2857142857143,215.571428571429,188.142857142857,-21.4,38.7142857142857,11.2857142857143,-54.2,35.4285714285714,19.2857142857143,-42.7
"2020-05-24",11,173,12,176.285714285714,17.8571428571429,20.4285714285714,198.857142857143,189.142857142857,-11.4,36.5714285714286,10.7142857142857,-51.2,34.1428571428571,17.2857142857143,-40.2
"2020-05-25",9,213,10,185.571428571429,15,19.8571428571429,194.428571428571,178.428571428571,-4.6,36.7142857142857,11.1428571428571,-59.1,35,17,-43.3
"2020-05-26",20,129,7,188.142857142857,11.2857142857143,19.2857142857143,182.428571428571,177.571428571429,3.1,35.5714285714286,11.1428571428571,-68.3,30.4285714285714,19.7142857142857,-36.6
"2020-05-27",19,194,10,189.142857142857,10.7142857142857,17.2857142857143,177.285714285714,172.428571428571,6.7,29,10,-63.1,27.7142857142857,19.2857142857143,-37.6
"2020-05-28",27,179,16,178.428571428571,11.1428571428571,17,174.428571428571,172.857142857143,2.3,26.7142857142857,9.28571428571429,-58.3,27.5714285714286,18.2857142857143,-38.3
"2020-05-29",29,178,10,177.571428571429,11.1428571428571,19.7142857142857,171.857142857143,157.428571428571,3.3,22.8571428571429,9,-51.2,21.8571428571429,17.7142857142857,-9.8
"2020-05-30",20,141,5,172.428571428571,10,19.2857142857143,169.428571428571,152.571428571429,1.8,17.7142857142857,8.85714285714286,-43.5,20.2857142857143,15.4285714285714,-4.9
"2020-05-31",4,176,7,172.857142857143,9.28571428571429,18.2857142857143,176.285714285714,138.142857142857,-1.9,17.8571428571429,9,-48,20.4285714285714,14.5714285714286,-10.5
"2020-06-01",5,105,8,157.428571428571,9,17.7142857142857,185.571428571429,139.428571428571,-15.2,15,8.14285714285714,-40,19.8571428571429,12.4285714285714,-10.8
"2020-06-02",4,95,6,152.571428571429,8.85714285714286,15.4285714285714,188.142857142857,145,-18.9,11.2857142857143,8.14285714285714,-21.5,19.2857142857143,10.4285714285714,-20
"2020-06-03",13,93,11,138.142857142857,9,14.5714285714286,189.142857142857,152,-27,10.7142857142857,8.28571428571429,-16,17.2857142857143,8.71428571428571,-15.7
"2020-06-04",12,188,10,139.428571428571,8.14285714285714,12.4285714285714,178.428571428571,161,-21.9,11.1428571428571,7.71428571428571,-26.9,17,8.57142857142857,-26.9
"2020-06-05",15,217,10,145,8.14285714285714,10.4285714285714,177.571428571429,169.714285714286,-18.3,11.1428571428571,7.57142857142857,-26.9,19.7142857142857,8.28571428571429,-47.1
"2020-06-06",8,190,6,152,8.28571428571429,8.71428571428571,172.428571428571,179.571428571429,-11.8,10,7.57142857142857,-17.1,19.2857142857143,9.57142857142857,-54.8
"2020-06-07",3,239,3,161,7.71428571428571,8.57142857142857,172.857142857143,192.142857142857,-6.9,9.28571428571429,6.57142857142857,-16.9,18.2857142857143,9.71428571428571,-53.1
"2020-06-08",3,166,7,169.714285714286,7.57142857142857,8.28571428571429,157.428571428571,188.428571428571,7.8,9,5.57142857142857,-15.9,17.7142857142857,8.57142857142857,-53.2
"2020-06-09",13,164,6,179.571428571429,7.57142857142857,9.57142857142857,152.571428571429,187,17.7,8.85714285714286,4.85714285714286,-14.5,15.4285714285714,7.42857142857143,-38
"2020-06-10",14,181,4,192.142857142857,6.57142857142857,9.71428571428571,138.142857142857,185.714285714286,39.1,9,5.57142857142857,-27,14.5714285714286,7.14285714285714,-33.3
"2020-06-11",4,162,3,188.428571428571,5.57142857142857,8.57142857142857,139.428571428571,172.142857142857,35.1,8.14285714285714,6.28571428571429,-31.6,12.4285714285714,6.85714285714286,-31
"2020-06-12",7,207,5,187,4.85714285714286,7.42857142857143,145,171.142857142857,29,8.14285714285714,5.57142857142857,-40.4,10.4285714285714,7.42857142857143,-28.8
"2020-06-13",6,181,11,185.714285714286,5.57142857142857,7.14285714285714,152,166.857142857143,22.2,8.28571428571429,5,-32.8,8.71428571428571,6.14285714285714,-18
"2020-06-14",1,144,8,172.142857142857,6.28571428571429,6.85714285714286,161,157.142857142857,6.9,7.71428571428571,5.14285714285714,-18.5,8.57142857142857,4.85714285714286,-20
"2020-06-15",7,159,2,171.142857142857,5.57142857142857,7.42857142857143,169.714285714286,151.857142857143,0.8,7.57142857142857,5.14285714285714,-26.4,8.28571428571429,4.71428571428571,-10.3
"2020-06-16",4,134,2,166.857142857143,5,6.14285714285714,179.571428571429,137.714285714286,-7.1,7.57142857142857,5.71428571428571,-34,9.57142857142857,4.28571428571429,-35.8
"2020-06-17",5,113,5,157.142857142857,5.14285714285714,4.85714285714286,192.142857142857,124.714285714286,-18.2,6.57142857142857,4.42857142857143,-21.7,9.71428571428571,4.57142857142857,-50
"2020-06-18",3,125,3,151.857142857143,5.14285714285714,4.71428571428571,188.428571428571,117.714285714286,-19.4,5.57142857142857,3.71428571428571,-7.7,8.57142857142857,4.57142857142857,-45
"2020-06-19",4,108,9,137.714285714286,5.71428571428571,4.28571428571429,187,104.714285714286,-26.4,4.85714285714286,3.57142857142857,17.6,7.42857142857143,3.57142857142857,-42.3
"2020-06-20",8,90,2,124.714285714286,4.42857142857143,4.57142857142857,185.714285714286,95.5714285714286,-32.8,5.57142857142857,3.85714285714286,-20.5,7.14285714285714,3.71428571428571,-36
"2020-06-21",1,95,3,117.714285714286,3.71428571428571,4.57142857142857,172.142857142857,90.8571428571429,-31.6,6.28571428571429,3.85714285714286,-40.9,6.85714285714286,3.42857142857143,-33.3
"2020-06-22",0,68,1,104.714285714286,3.57142857142857,3.57142857142857,171.142857142857,88.7142857142857,-38.8,5.57142857142857,4,-35.9,7.42857142857143,3.42857142857143,-51.9
"2020-06-23",5,70,4,95.5714285714286,3.85714285714286,3.71428571428571,166.857142857143,86.5714285714286,-42.7,5,3.42857142857143,-22.9,6.14285714285714,3.14285714285714,-39.5
"2020-06-24",3,80,5,90.8571428571429,3.85714285714286,3.42857142857143,157.142857142857,84.7142857142857,-42.2,5.14285714285714,3.57142857142857,-25,4.85714285714286,2.42857142857143,-29.4
"2020-06-25",3,110,4,88.7142857142857,4,3.42857142857143,151.857142857143,80.5714285714286,-41.6,5.14285714285714,3.57142857142857,-22.2,4.71428571428571,2.28571428571429,-27.3
"2020-06-26",2,93,5,86.5714285714286,3.42857142857143,3.14285714285714,137.714285714286,81.7142857142857,-37.1,5.71428571428571,3.85714285714286,-40,4.28571428571429,2.57142857142857,-26.7
"2020-06-27",3,77,3,84.7142857142857,3.57142857142857,2.42857142857143,124.714285714286,79.8571428571429,-32.1,4.42857142857143,3.57142857142857,-19.4,4.57142857142857,2.57142857142857,-46.9
"2020-06-28",0,66,3,80.5714285714286,3.57142857142857,2.28571428571429,117.714285714286,77.2857142857143,-31.6,3.71428571428571,3.14285714285714,-3.8,4.57142857142857,2.57142857142857,-50
"2020-06-29",2,76,3,81.7142857142857,3.85714285714286,2.57142857142857,104.714285714286,72.2857142857143,-22,3.57142857142857,2.57142857142857,8,3.57142857142857,2.57142857142857,-28
"2020-06-30",5,57,2,79.8571428571429,3.57142857142857,2.57142857142857,95.5714285714286,69.8571428571429,-16.4,3.85714285714286,2.42857142857143,-7.4,3.71428571428571,2.42857142857143,-30.8
"2020-07-01",3,62,2,77.2857142857143,3.14285714285714,2.57142857142857,90.8571428571429,68.1428571428571,-14.9,3.85714285714286,2.14285714285714,-18.5,3.42857142857143,3,-25
"2020-07-02",3,75,0,72.2857142857143,2.57142857142857,2.57142857142857,88.7142857142857,69,-18.5,4,1.71428571428571,-35.7,3.42857142857143,3.14285714285714,-25
"2020-07-03",1,76,4,69.8571428571429,2.42857142857143,2.42857142857143,86.5714285714286,64,-19.3,3.42857142857143,1.28571428571429,-29.2,3.14285714285714,2.85714285714286,-22.7
"2020-07-04",7,65,1,68.1428571428571,2.14285714285714,3,84.7142857142857,60.7142857142857,-19.6,3.57142857142857,1.14285714285714,-40,2.42857142857143,2.71428571428571,23.5
"2020-07-05",1,72,0,69,1.71428571428571,3.14285714285714,80.5714285714286,60,-14.4,3.57142857142857,1.71428571428571,-52,2.28571428571429,2.85714285714286,37.5
"2020-07-06",0,41,0,64,1.28571428571429,2.85714285714286,81.7142857142857,57.8571428571429,-21.7,3.85714285714286,1.71428571428571,-66.7,2.57142857142857,2.71428571428571,11.1
"2020-07-07",4,34,1,60.7142857142857,1.14285714285714,2.71428571428571,79.8571428571429,56.2857142857143,-24,3.57142857142857,1.57142857142857,-68,2.57142857142857,2.57142857142857,5.6
"2020-07-08",4,57,6,60,1.71428571428571,2.85714285714286,77.2857142857143,59,-22.4,3.14285714285714,2,-45.5,2.57142857142857,2.28571428571429,11.1
"2020-07-09",2,60,0,57.8571428571429,1.71428571428571,2.71428571428571,72.2857142857143,62.2857142857143,-20,2.57142857142857,2.28571428571429,-33.3,2.57142857142857,2.14285714285714,5.6
"2020-07-10",0,65,3,56.2857142857143,1.57142857142857,2.57142857142857,69.8571428571429,66.7142857142857,-19.4,2.42857142857143,2.42857142857143,-35.3,2.42857142857143,2.14285714285714,5.9
"2020-07-11",5,84,4,59,2,2.28571428571429,68.1428571428571,75.8571428571429,-13.4,2.14285714285714,3.42857142857143,-6.7,3,3,-23.8
"2020-07-12",0,95,2,62.2857142857143,2.28571428571429,2.14285714285714,69,83.2857142857143,-9.7,1.71428571428571,3.14285714285714,33.3,3.14285714285714,2.71428571428571,-31.8
"2020-07-13",0,72,1,66.7142857142857,2.42857142857143,2.14285714285714,64,91.7142857142857,4.2,1.28571428571429,3.42857142857143,88.9,2.85714285714286,2.71428571428571,-25
"2020-07-14",10,98,8,75.8571428571429,3.42857142857143,3,60.7142857142857,98,24.9,1.14285714285714,3.14285714285714,200,2.71428571428571,3,10.5
"2020-07-15",2,109,4,83.2857142857143,3.14285714285714,2.71428571428571,60,106.714285714286,38.8,1.71428571428571,3,83.3,2.85714285714286,2.42857142857143,-5
"2020-07-16",2,119,2,91.7142857142857,3.42857142857143,2.71428571428571,57.8571428571429,113.857142857143,58.5,1.71428571428571,3.14285714285714,100,2.71428571428571,2.42857142857143,0
"2020-07-17",2,109,1,98,3.14285714285714,3,56.2857142857143,129.714285714286,74.1,1.57142857142857,3.28571428571429,100,2.57142857142857,2.42857142857143,16.7
"2020-07-18",1,145,3,106.714285714286,3,2.42857142857143,59,139.857142857143,80.9,2,2.28571428571429,50,2.28571428571429,1.14285714285714,6.2
"2020-07-19",0,145,3,113.857142857143,3.14285714285714,2.42857142857143,62.2857142857143,148.571428571429,82.8,2.28571428571429,1.85714285714286,37.5,2.14285714285714,1.14285714285714,13.3
"2020-07-20",0,183,2,129.714285714286,3.28571428571429,2.42857142857143,66.7142857142857,155,94.4,2.42857142857143,1.85714285714286,35.3,2.14285714285714,1,13.3
"2020-07-21",1,169,1,139.857142857143,2.28571428571429,1.14285714285714,75.8571428571429,161.571428571429,84.4,3.42857142857143,2.28571428571429,-33.3,3,0.714285714285714,-61.9
"2020-07-22",2,170,1,148.571428571429,1.85714285714286,1.14285714285714,83.2857142857143,167.142857142857,78.4,3.14285714285714,2.28571428571429,-40.9,2.71428571428571,0.714285714285714,-57.9
"2020-07-23",1,164,2,155,1.85714285714286,1,91.7142857142857,176.857142857143,69,3.42857142857143,2.14285714285714,-45.8,2.71428571428571,0.714285714285714,-63.2
"2020-07-24",0,155,4,161.571428571429,2.28571428571429,0.714285714285714,98,180.571428571429,64.9,3.14285714285714,2.28571428571429,-27.3,3,0.857142857142857,-76.2
"2020-07-25",1,184,3,167.142857142857,2.28571428571429,0.714285714285714,106.714285714286,188.428571428571,56.6,3,2.71428571428571,-23.8,2.42857142857143,1.28571428571429,-70.6
"2020-07-26",0,213,2,176.857142857143,2.14285714285714,0.714285714285714,113.857142857143,199.571428571429,55.3,3.14285714285714,3.42857142857143,-31.8,2.42857142857143,1.28571428571429,-70.6
"2020-07-27",1,209,3,180.571428571429,2.28571428571429,0.857142857142857,129.714285714286,224.857142857143,39.2,3.28571428571429,3.57142857142857,-30.4,2.42857142857143,1.14285714285714,-64.7
"2020-07-28",4,224,4,188.428571428571,2.71428571428571,1.28571428571429,139.857142857143,251.428571428571,34.7,2.28571428571429,4.14285714285714,18.8,1.14285714285714,1.14285714285714,12.5
"2020-07-29",2,248,6,199.571428571429,3.42857142857143,1.28571428571429,148.571428571429,286.714285714286,34.3,1.85714285714286,4.28571428571429,84.6,1.14285714285714,1.14285714285714,12.5
"2020-07-30",0,341,3,224.857142857143,3.57142857142857,1.14285714285714,155,307.857142857143,45.1,1.85714285714286,4.71428571428571,92.3,1,1.28571428571429,14.3
"2020-07-31",0,341,8,251.428571428571,4.14285714285714,1.14285714285714,161.571428571429,331.142857142857,55.6,2.28571428571429,5.28571428571429,81.3,0.714285714285714,1.14285714285714,60
"2020-08-01",1,431,4,286.714285714286,4.28571428571429,1.14285714285714,167.142857142857,368.714285714286,71.5,2.28571428571429,5.85714285714286,87.5,0.714285714285714,0.857142857142857,60
"2020-08-02",1,361,5,307.857142857143,4.71428571428571,1.28571428571429,176.857142857143,394.428571428571,74.1,2.14285714285714,5.71428571428571,120,0.714285714285714,1,80
"2020-08-03",0,372,7,331.142857142857,5.28571428571429,1.14285714285714,180.571428571429,432.142857142857,83.4,2.28571428571429,5.71428571428571,131.2,0.857142857142857,1,33.3
"2020-08-04",2,487,8,368.714285714286,5.85714285714286,0.857142857142857,188.428571428571,457.285714285714,95.7,2.71428571428571,5.14285714285714,115.8,1.28571428571429,1.14285714285714,-33.3
"2020-08-05",3,428,5,394.428571428571,5.71428571428571,1,199.571428571429,464.857142857143,97.6,3.42857142857143,5,66.7,1.28571428571429,1.42857142857143,-22.2
"2020-08-06",0,605,3,432.142857142857,5.71428571428571,1,224.857142857143,495.714285714286,92.2,3.57142857142857,5.57142857142857,60,1.14285714285714,1.28571428571429,-12.5
"2020-08-07",1,517,4,457.285714285714,5.14285714285714,1.14285714285714,251.428571428571,555,81.9,4.14285714285714,5.42857142857143,24.1,1.14285714285714,1.28571428571429,0
"2020-08-08",3,484,3,464.857142857143,5,1.42857142857143,286.714285714286,574,62.1,4.28571428571429,5.42857142857143,16.7,1.14285714285714,1.28571428571429,25
"2020-08-09",0,577,9,495.714285714286,5.57142857142857,1.28571428571429,307.857142857143,605.857142857143,61,4.71428571428571,6.14285714285714,18.2,1.28571428571429,1.14285714285714,0
"2020-08-10",0,787,6,555,5.42857142857143,1.28571428571429,331.142857142857,601.714285714286,67.6,5.28571428571429,6.57142857142857,2.7,1.14285714285714,1.71428571428571,12.5
"2020-08-11",2,620,8,574,5.42857142857143,1.28571428571429,368.714285714286,617.428571428571,55.7,5.85714285714286,7.71428571428571,-7.3,0.857142857142857,1.85714285714286,50
"2020-08-12",2,651,10,605.857142857143,6.14285714285714,1.14285714285714,394.428571428571,642,53.6,5.71428571428571,8.28571428571429,7.5,1,1.71428571428571,14.3
"2020-08-13",4,576,6,601.714285714286,6.57142857142857,1.71428571428571,432.142857142857,630.857142857143,39.2,5.71428571428571,7.85714285714286,15,1,2.14285714285714,71.4
"2020-08-14",2,627,12,617.428571428571,7.71428571428571,1.85714285714286,457.285714285714,588,35,5.14285714285714,7.71428571428571,50,1.14285714285714,2.14285714285714,62.5
"2020-08-15",2,656,7,642,8.28571428571429,1.71428571428571,464.857142857143,569.857142857143,38.1,5,7.14285714285714,65.7,1.42857142857143,2.28571428571429,20
"2020-08-16",3,499,6,630.857142857143,7.85714285714286,2.14285714285714,495.714285714286,555.857142857143,27.3,5.57142857142857,8.28571428571429,41,1.28571428571429,2.85714285714286,66.7
"2020-08-17",0,487,5,588,7.71428571428571,2.14285714285714,555,549.428571428571,5.9,5.42857142857143,8.85714285714286,42.1,1.28571428571429,3.57142857142857,66.7
"2020-08-18",3,493,4,569.857142857143,7.14285714285714,2.28571428571429,574,536,-0.7,5.42857142857143,9.71428571428571,31.6,1.28571428571429,3.42857142857143,77.8
"2020-08-19",6,553,18,555.857142857143,8.28571428571429,2.85714285714286,605.857142857143,514.714285714286,-8.3,6.14285714285714,10.2857142857143,34.9,1.14285714285714,3.85714285714286,150
"2020-08-20",9,531,10,549.428571428571,8.85714285714286,3.57142857142857,601.714285714286,508.428571428571,-8.7,6.57142857142857,10.4285714285714,34.8,1.71428571428571,3.42857142857143,108.3
"2020-08-21",1,533,18,536,9.71428571428571,3.42857142857143,617.428571428571,520.714285714286,-13.2,7.71428571428571,10.4285714285714,25.9,1.85714285714286,3.71428571428571,84.6
"2020-08-22",5,507,11,514.714285714286,10.2857142857143,3.85714285714286,642,509.714285714286,-19.8,8.28571428571429,12,24.1,1.71428571428571,4,125
"2020-08-23",0,455,7,508.428571428571,10.4285714285714,3.42857142857143,630.857142857143,512.428571428571,-19.4,7.85714285714286,12.2857142857143,32.7,2.14285714285714,4.28571428571429,60
"2020-08-24",2,573,5,520.714285714286,10.4285714285714,3.71428571428571,588,509.142857142857,-11.4,7.71428571428571,11.8571428571429,35.2,2.14285714285714,3.42857142857143,73.3
"2020-08-25",5,416,15,509.714285714286,12,4,569.857142857143,504.571428571429,-10.6,7.14285714285714,10.5714285714286,68,2.28571428571429,3.71428571428571,75
"2020-08-26",8,572,20,512.428571428571,12.2857142857143,4.28571428571429,555.857142857143,504,-7.8,8.28571428571429,9.28571428571429,48.3,2.85714285714286,3.57142857142857,50
"2020-08-27",3,508,7,509.142857142857,11.8571428571429,3.42857142857143,549.428571428571,511.285714285714,-7.3,8.85714285714286,8.71428571428571,33.9,3.57142857142857,3.57142857142857,-4
"2020-08-28",3,501,9,504.571428571429,10.5714285714286,3.71428571428571,536,504.571428571429,-5.9,9.71428571428571,9.42857142857143,8.8,3.42857142857143,3.28571428571429,8.3
"2020-08-29",4,503,2,504,9.28571428571429,3.57142857142857,514.714285714286,511.857142857143,-2.1,10.2857142857143,8,-9.7,3.85714285714286,3.42857142857143,-7.4
"2020-08-30",0,506,3,511.285714285714,8.71428571428571,3.57142857142857,508.428571428571,533,0.6,10.4285714285714,6,-16.4,3.42857142857143,3,4.2
"2020-08-31",0,526,10,504.571428571429,9.42857142857143,3.28571428571429,520.714285714286,546,-3.1,10.4285714285714,5.71428571428571,-9.6,3.71428571428571,2.85714285714286,-11.5
"2020-09-01",6,467,5,511.857142857143,8,3.42857142857143,509.714285714286,580.571428571429,0.4,12,5.42857142857143,-33.3,4,2.71428571428571,-14.3
"2020-09-02",5,720,6,533,6,3,512.428571428571,601.428571428571,4,12.2857142857143,5.85714285714286,-51.2,4.28571428571429,2.85714285714286,-30
"2020-09-03",2,599,5,546,5.71428571428571,2.85714285714286,509.142857142857,660.571428571429,7.2,11.8571428571429,6.14285714285714,-51.8,3.42857142857143,3.14285714285714,-16.7
"2020-09-04",2,743,7,580.571428571429,5.42857142857143,2.71428571428571,504.571428571429,699,15.1,10.5714285714286,5.85714285714286,-48.6,3.71428571428571,3.14285714285714,-26.9
"2020-09-05",5,649,5,601.428571428571,5.85714285714286,2.85714285714286,504,770.714285714286,19.3,9.28571428571429,6,-36.9,3.57142857142857,2.42857142857143,-20
"2020-09-06",2,920,5,660.571428571429,6.14285714285714,3.14285714285714,511.285714285714,830.714285714286,29.2,8.71428571428571,6.42857142857143,-29.5,3.57142857142857,2,-12
"2020-09-07",0,795,8,699,5.85714285714286,3.14285714285714,504.571428571429,864.714285714286,38.5,9.42857142857143,8,-37.9,3.28571428571429,2.14285714285714,-4.3
"2020-09-08",1,969,6,770.714285714286,6,2.42857142857143,511.857142857143,940.285714285714,50.6,8,8.42857142857143,-25,3.42857142857143,2.28571428571429,-29.2
"2020-09-09",2,1140,9,830.714285714286,6.42857142857143,2,533,1022.14285714286,55.9,6,8.57142857142857,7.1,3,1.71428571428571,-33.3
"2020-09-10",3,837,16,864.714285714286,8,2.14285714285714,546,1046.14285714286,58.4,5.71428571428571,10.2857142857143,40,2.85714285714286,1.57142857142857,-25
"2020-09-11",3,1272,10,940.285714285714,8.42857142857143,2.28571428571429,580.571428571429,1117.85714285714,62,5.42857142857143,10.2857142857143,55.3,2.71428571428571,1.85714285714286,-15.8
"2020-09-12",1,1222,6,1022.14285714286,8.57142857142857,1.71428571428571,601.428571428571,1176,70,5.85714285714286,13,46.3,2.85714285714286,2,-40
"2020-09-13",1,1088,17,1046.14285714286,10.2857142857143,1.57142857142857,660.571428571429,1232.71428571429,58.4,6.14285714285714,13.8571428571429,67.4,3.14285714285714,2,-50
"2020-09-14",2,1297,8,1117.85714285714,10.2857142857143,1.85714285714286,699,1361.57142857143,59.9,5.85714285714286,13.5714285714286,75.6,3.14285714285714,2.42857142857143,-40.9
"2020-09-15",2,1376,25,1176,13,2,770.714285714286,1459.57142857143,52.6,6,13.8571428571429,116.7,2.42857142857143,2.85714285714286,-17.6
"2020-09-16",2,1537,15,1232.71428571429,13.8571428571429,2,830.714285714286,1555.28571428571,48.4,6.42857142857143,17.5714285714286,115.6,2,3.14285714285714,0
"2020-09-17",6,1739,14,1361.57142857143,13.5714285714286,2.42857142857143,864.714285714286,1663.28571428571,57.5,8,18,69.6,2.14285714285714,3.57142857142857,13.3
"2020-09-18",6,1958,12,1459.57142857143,13.8571428571429,2.85714285714286,940.285714285714,1794,55.2,8.42857142857143,20.5714285714286,64.4,2.28571428571429,3.57142857142857,25
"2020-09-19",3,1892,32,1555.28571428571,17.5714285714286,3.14285714285714,1022.14285714286,1917,52.2,8.57142857142857,21.2857142857143,105,1.71428571428571,4.71428571428571,83.3
"2020-09-20",4,1844,20,1663.28571428571,18,3.57142857142857,1046.14285714286,2030.85714285714,59,10.2857142857143,23.7142857142857,75,1.57142857142857,5.14285714285714,127.3
"2020-09-21",2,2212,26,1794,20.5714285714286,3.57142857142857,1117.85714285714,2144.71428571429,60.5,10.2857142857143,25.1428571428571,100,1.85714285714286,6.57142857142857,92.3
"2020-09-22",10,2237,30,1917,21.2857142857143,4.71428571428571,1176,2259.85714285714,63,13,28.2857142857143,63.7,2,8,135.7
"2020-09-23",5,2334,32,2030.85714285714,23.7142857142857,5.14285714285714,1232.71428571429,2375.42857142857,64.7,13.8571428571429,27.8571428571429,71.1,2,13,157.1
"2020-09-24",16,2536,24,2144.71428571429,25.1428571428571,6.57142857142857,1361.57142857143,2537.14285714286,57.5,13.5714285714286,30.1428571428571,85.3,2.42857142857143,13.5714285714286,170.6
"2020-09-25",16,2764,34,2259.85714285714,28.2857142857143,8,1459.57142857143,2635.71428571429,54.8,13.8571428571429,31.8571428571429,104.1,2.85714285714286,14.1428571428571,180
"2020-09-26",38,2701,29,2375.42857142857,27.8571428571429,13,1555.28571428571,2745.28571428571,52.7,17.5714285714286,34.2857142857143,58.5,3.14285714285714,14.5714285714286,313.6
"2020-09-27",8,2976,36,2537.14285714286,30.1428571428571,13.5714285714286,1663.28571428571,2881.28571428571,52.5,18,36.1428571428571,67.5,3.57142857142857,15.7142857142857,280
"2020-09-28",6,2902,38,2635.71428571429,31.8571428571429,14.1428571428571,1794,2983.71428571429,46.9,20.5714285714286,39,54.9,3.57142857142857,15.2857142857143,296
"2020-09-29",13,3004,47,2745.28571428571,34.2857142857143,14.5714285714286,1917,3132.28571428571,43.2,21.2857142857143,37.2857142857143,61.1,4.71428571428571,14.2857142857143,209.1
"2020-09-30",13,3286,45,2881.28571428571,36.1428571428571,15.7142857142857,2030.85714285714,3308.85714285714,41.9,23.7142857142857,37.5714285714286,52.4,5.14285714285714,11.7142857142857,205.6
"2020-10-01",13,3253,44,2983.71428571429,39,15.2857142857143,2144.71428571429,3453,39.1,25.1428571428571,35.8571428571429,55.1,6.57142857142857,11.1428571428571,132.6
"2020-10-02",9,3804,22,3132.28571428571,37.2857142857143,14.2857142857143,2259.85714285714,3689.14285714286,38.6,28.2857142857143,38.4285714285714,31.8,8,11.2857142857143,78.6
"2020-10-03",20,3937,31,3308.85714285714,37.5714285714286,11.7142857142857,2375.42857142857,3906,39.3,27.8571428571429,43.4285714285714,34.9,13,12.4285714285714,-9.9
"2020-10-04",4,3985,24,3453,35.8571428571429,11.1428571428571,2537.14285714286,4147.28571428571,36.1,30.1428571428571,45.8571428571429,19,13.5714285714286,15.7142857142857,-17.9
"2020-10-05",7,4555,56,3689.14285714286,38.4285714285714,11.2857142857143,2635.71428571429,4509,40,31.8571428571429,46.5714285714286,20.6,14.1428571428571,15.5714285714286,-20.2
"2020-10-06",21,4522,82,3906,43.4285714285714,12.4285714285714,2745.28571428571,4817.14285714286,42.3,34.2857142857143,52.5714285714286,26.7,14.5714285714286,16.2857142857143,-14.7
"2020-10-07",36,4975,62,4147.28571428571,45.8571428571429,15.7142857142857,2881.28571428571,5180.42857142857,43.9,36.1428571428571,55.4285714285714,26.9,15.7142857142857,16.7142857142857,0
"2020-10-08",12,5785,49,4509,46.5714285714286,15.5714285714286,2983.71428571429,5517.57142857143,51.1,39,59.7142857142857,19.4,15.2857142857143,18.4285714285714,1.9
"2020-10-09",14,5961,64,4817.14285714286,52.5714285714286,16.2857142857143,3132.28571428571,5838.71428571429,53.8,37.2857142857143,60,41,14.2857142857143,19.2857142857143,14
"2020-10-10",23,6480,51,5180.42857142857,55.4285714285714,16.7142857142857,3308.85714285714,6240.57142857143,56.6,37.5714285714286,63.2857142857143,47.5,11.7142857142857,21,42.7
"2020-10-11",16,6345,54,5517.57142857143,59.7142857142857,18.4285714285714,3453,6565.85714285714,59.8,35.8571428571429,65.2857142857143,66.5,11.1428571428571,20.4285714285714,65.4
"2020-10-12",13,6803,58,5838.71428571429,60,19.2857142857143,3689.14285714286,6850.71428571429,58.3,38.4285714285714,69.1428571428571,56.1,11.2857142857143,22.8571428571429,70.9
"2020-10-13",33,7335,105,6240.57142857143,63.2857142857143,21,3906,7135.57142857143,59.8,43.4285714285714,72.1428571428571,45.7,12.4285714285714,23.4285714285714,69
"2020-10-14",32,7252,76,6565.85714285714,65.2857142857143,20.4285714285714,4147.28571428571,7368,58.3,45.8571428571429,75.5714285714286,42.4,15.7142857142857,24.1428571428571,30
"2020-10-15",29,7779,76,6850.71428571429,69.1428571428571,22.8571428571429,4509,7625.71428571429,51.9,46.5714285714286,77.7142857142857,48.5,15.5714285714286,23.8571428571429,46.8
"2020-10-16",18,7955,85,7135.57142857143,72.1428571428571,23.4285714285714,4817.14285714286,7795.14285714286,48.1,52.5714285714286,81.1428571428571,37.2,16.2857142857143,24.4285714285714,43.9
"2020-10-17",28,8107,75,7368,75.5714285714286,24.1428571428571,5180.42857142857,7910.71428571429,42.2,55.4285714285714,79,36.3,16.7142857142857,26.2857142857143,44.4
"2020-10-18",14,8149,69,7625.71428571429,77.7142857142857,23.8571428571429,5517.57142857143,8120.14285714286,38.2,59.7142857142857,82.5714285714286,30.1,18.4285714285714,29.8571428571429,29.5
"2020-10-19",17,7989,82,7795.14285714286,81.1428571428571,24.4285714285714,5838.71428571429,8330.42857142857,33.5,60,87.2857142857143,35.2,19.2857142857143,32.2857142857143,26.7
"2020-10-20",46,8144,90,7910.71428571429,79,26.2857142857143,6240.57142857143,8618.85714285714,26.8,63.2857142857143,90.7142857142857,24.8,21,36.4285714285714,25.2
"2020-10-21",57,8718,101,8120.14285714286,82.5714285714286,29.8571428571429,6565.85714285714,8695.28571428571,23.7,65.2857142857143,93.2857142857143,26.5,20.4285714285714,40.2857142857143,46.2
"2020-10-22",46,9251,109,8330.42857142857,87.2857142857143,32.2857142857143,6850.71428571429,8983.85714285714,21.6,69.1428571428571,99.1428571428571,26.2,22.8571428571429,42.1428571428571,41.2
"2020-10-23",47,9974,109,8618.85714285714,90.7142857142857,36.4285714285714,7135.57142857143,9314.42857142857,20.8,72.1428571428571,98.1428571428571,25.7,23.4285714285714,43.4285714285714,55.5
"2020-10-24",55,8642,93,8695.28571428571,93.2857142857143,40.2857142857143,7368,9617.71428571429,18,75.5714285714286,100.571428571429,23.4,24.1428571428571,46.7142857142857,66.9
"2020-10-25",27,10169,110,8983.85714285714,99.1428571428571,42.1428571428571,7625.71428571429,9526.14285714286,17.8,77.7142857142857,98.5714285714286,27.6,23.8571428571429,46.1428571428571,76.6
"2020-10-26",26,10303,75,9314.42857142857,98.1428571428571,43.4285714285714,7795.14285714286,9668.57142857143,19.5,81.1428571428571,94.8571428571429,21,24.4285714285714,48.4285714285714,77.8
"2020-10-27",69,10267,107,9617.71428571429,100.571428571429,46.7142857142857,7910.71428571429,9825,21.6,79,94.2857142857143,27.3,26.2857142857143,54,77.7
"2020-10-28",53,8077,87,9526.14285714286,98.5714285714286,46.1428571428571,8120.14285714286,9986.42857142857,17.3,82.5714285714286,97.7142857142857,19.4,29.8571428571429,53.4285714285714,54.5
"2020-10-29",62,10248,83,9668.57142857143,94.8571428571429,48.4285714285714,8330.42857142857,9773.57142857143,16.1,87.2857142857143,97.5714285714286,8.7,32.2857142857143,55.1428571428571,50
"2020-10-30",86,11069,105,9825,94.2857142857143,54,8618.85714285714,9482.42857142857,14,90.7142857142857,99.5714285714286,3.9,36.4285714285714,55.5714285714286,48.2
"2020-10-31",51,9772,117,9986.42857142857,97.7142857142857,53.4285714285714,8695.28571428571,9121.28571428571,14.8,93.2857142857143,98.4285714285714,4.7,40.2857142857143,61.7142857142857,32.6
"2020-11-01",39,8679,109,9773.57142857143,97.5714285714286,55.1428571428571,8983.85714285714,9053.14285714286,8.8,99.1428571428571,100.428571428571,-1.6,42.1428571428571,68.7142857142857,30.8
"2020-11-02",29,8265,89,9482.42857142857,99.5714285714286,55.5714285714286,9314.42857142857,8581.42857142857,1.8,98.1428571428571,102.714285714286,1.5,43.4285714285714,72.2857142857143,28
"2020-11-03",112,7739,99,9121.28571428571,98.4285714285714,61.7142857142857,9617.71428571429,8032.57142857143,-5.2,100.571428571429,100.714285714286,-2.1,46.7142857142857,76.5714285714286,32.1
"2020-11-04",102,7600,101,9053.14285714286,100.428571428571,68.7142857142857,9526.14285714286,7581.71428571429,-5,98.5714285714286,101.428571428571,1.9,46.1428571428571,79.5714285714286,48.9
"2020-11-05",87,6946,99,8581.42857142857,102.714285714286,72.2857142857143,9668.57142857143,7149.85714285714,-11.2,94.8571428571429,99.2857142857143,8.3,48.4285714285714,80.1428571428571,49.3
"2020-11-06",116,7227,91,8032.57142857143,100.714285714286,76.5714285714286,9825,6636.28571428571,-18.2,94.2857142857143,94.2857142857143,6.8,54,81.4285714285714,41.8
"2020-11-07",72,6616,122,7581.71428571429,101.428571428571,79.5714285714286,9986.42857142857,6194.14285714286,-24.1,97.7142857142857,90.5714285714286,3.8,53.4285714285714,79,48.9
"2020-11-08",43,5656,94,7149.85714285714,99.2857142857143,80.1428571428571,9773.57142857143,5877.42857142857,-26.8,97.5714285714286,86.5714285714286,1.8,55.1428571428571,75.2857142857143,45.3
"2020-11-09",38,4670,54,6636.28571428571,94.2857142857143,81.4285714285714,9482.42857142857,5687.85714285714,-30,99.5714285714286,85.5714285714286,-5.3,55.5714285714286,75,46.5
"2020-11-10",95,4644,73,6194.14285714286,90.5714285714286,79,9121.28571428571,5522.28571428571,-32.1,98.4285714285714,84.7142857142857,-8,61.7142857142857,66.1428571428571,28
"2020-11-11",76,5383,73,5877.42857142857,86.5714285714286,75.2857142857143,9053.14285714286,5419.85714285714,-35.1,100.428571428571,81,-13.8,68.7142857142857,67.8571428571429,9.6
"2020-11-12",85,5619,92,5687.85714285714,85.5714285714286,75,8581.42857142857,5385.85714285714,-33.7,102.714285714286,81.5714285714286,-16.7,72.2857142857143,68,3.8
"2020-11-13",54,6068,85,5522.28571428571,84.7142857142857,66.1428571428571,8032.57142857143,5410.42857142857,-31.3,100.714285714286,86,-15.9,76.5714285714286,69,-13.6
"2020-11-14",84,5899,96,5419.85714285714,81,67.8571428571429,7581.71428571429,5358.57142857143,-28.5,101.428571428571,86.7142857142857,-20.1,79.5714285714286,67.5714285714286,-14.7
"2020-11-15",44,5418,98,5385.85714285714,81.5714285714286,68,7149.85714285714,5244.71428571429,-24.7,99.2857142857143,90.7142857142857,-17.8,80.1428571428571,68.4285714285714,-15.2
"2020-11-16",45,4842,85,5410.42857142857,86,69,6636.28571428571,5254.42857142857,-18.5,94.2857142857143,91.1428571428571,-8.8,81.4285714285714,67,-15.3
"2020-11-17",85,4281,78,5358.57142857143,86.7142857142857,67.5714285714286,6194.14285714286,5235.14285714286,-13.5,90.5714285714286,88.1428571428571,-4.3,79,66.2857142857143,-14.5
"2020-11-18",82,4586,101,5244.71428571429,90.7142857142857,68.4285714285714,5877.42857142857,5250.14285714286,-10.8,86.5714285714286,86.2857142857143,4.8,75.2857142857143,61,-9.1
"2020-11-19",75,5687,95,5254.42857142857,91.1428571428571,67,5687.85714285714,5241.85714285714,-7.6,85.5714285714286,81.7142857142857,6.5,75,57.7142857142857,-10.7
"2020-11-20",49,5933,64,5235.14285714286,88.1428571428571,66.2857142857143,5522.28571428571,5290.28571428571,-5.2,84.7142857142857,76.8571428571429,4,66.1428571428571,59,0.2
"2020-11-21",47,6004,83,5250.14285714286,86.2857142857143,61,5419.85714285714,5242.57142857143,-3.1,81,77.1428571428571,6.5,67.8571428571429,59.7142857142857,-10.1
"2020-11-22",21,5360,66,5241.85714285714,81.7142857142857,57.7142857142857,5385.85714285714,5289,-2.7,81.5714285714286,73.2857142857143,0.2,68,58.5714285714286,-15.1
"2020-11-23",54,5181,51,5290.28571428571,76.8571428571429,59,5410.42857142857,5115.14285714286,-2.2,86,68.7142857142857,-10.6,69,58.4285714285714,-14.5
"2020-11-24",90,3947,80,5242.57142857143,77.1428571428571,59.7142857142857,5358.57142857143,5089.28571428571,-2.2,86.7142857142857,70.4285714285714,-11,67.5714285714286,63.2857142857143,-11.6
"2020-11-25",74,4911,74,5289,73.2857142857143,58.5714285714286,5244.71428571429,4869.42857142857,0.8,90.7142857142857,68.1428571428571,-19.2,68.4285714285714,64.5714285714286,-14.4
"2020-11-26",74,4470,63,5115.14285714286,68.7142857142857,58.4285714285714,5254.42857142857,4898.71428571429,-2.7,91.1428571428571,69.2857142857143,-24.6,67,65.1428571428571,-12.8
"2020-11-27",83,5752,76,5089.28571428571,70.4285714285714,63.2857142857143,5235.14285714286,4811.85714285714,-2.8,88.1428571428571,69.5714285714286,-20.1,66.2857142857143,61.4285714285714,-4.5
"2020-11-28",56,4465,67,4869.42857142857,68.1428571428571,64.5714285714286,5250.14285714286,4824.85714285714,-7.3,86.2857142857143,66.5714285714286,-21,61,57.2857142857143,5.9
"2020-11-29",25,5565,74,4898.71428571429,69.2857142857143,65.1428571428571,5241.85714285714,4824.42857142857,-6.5,81.7142857142857,64.7142857142857,-15.2,57.7142857142857,56.1428571428571,12.9
"2020-11-30",28,4573,53,4811.85714285714,69.5714285714286,61.4285714285714,5290.28571428571,4985,-9,76.8571428571429,66.1428571428571,-9.5,59,54,4.1
"2020-12-01",61,4038,59,4824.85714285714,66.5714285714286,57.2857142857143,5242.57142857143,5004.85714285714,-8,77.1428571428571,63,-13.7,59.7142857142857,50.2857142857143,-4.1
"2020-12-02",66,4908,61,4824.42857142857,64.7142857142857,56.1428571428571,5289,5299.71428571429,-8.8,73.2857142857143,62.2857142857143,-11.7,58.5714285714286,47.8571428571429,-4.1
"2020-12-03",59,5594,73,4985,66.1428571428571,54,5115.14285714286,5470.57142857143,-2.5,68.7142857142857,59,-3.7,58.4285714285714,47.7142857142857,-7.6
"2020-12-04",57,5891,54,5004.85714285714,63,50.2857142857143,5089.28571428571,5830.71428571429,-1.7,70.4285714285714,62.1428571428571,-10.5,63.2857142857143,46.4285714285714,-20.5
"2020-12-05",39,6529,62,5299.71428571429,62.2857142857143,47.8571428571429,4869.42857142857,6128,8.8,68.1428571428571,63.7142857142857,-8.6,64.5714285714286,47.4285714285714,-25.9
"2020-12-06",24,6761,51,5470.57142857143,59,47.7142857142857,4898.71428571429,6361.85714285714,11.7,69.2857142857143,65.8571428571429,-14.8,65.1428571428571,47.4285714285714,-26.8
"2020-12-07",19,7094,75,5830.71428571429,62.1428571428571,46.4285714285714,4811.85714285714,6807.14285714286,21.2,69.5714285714286,65.7142857142857,-10.7,61.4285714285714,48,-24.4
"2020-12-08",68,6119,70,6128,63.7142857142857,47.4285714285714,4824.85714285714,7228.28571428571,27,66.5714285714286,66.2857142857143,-4.3,57.2857142857143,49,-17.2
"2020-12-09",66,6545,76,6361.85714285714,65.8571428571429,47.4285714285714,4824.42857142857,7598.85714285714,31.9,64.7142857142857,68.5714285714286,1.8,56.1428571428571,51,-15.5
"2020-12-10",63,8711,72,6807.14285714286,65.7142857142857,48,4985,8044.42857142857,36.6,66.1428571428571,72.7142857142857,-0.6,54,51.7142857142857,-11.1
"2020-12-11",64,8839,58,7228.28571428571,66.2857142857143,49,5004.85714285714,8240,44.4,63,72.7142857142857,5.2,50.2857142857143,54,-2.6
"2020-12-12",53,9123,78,7598.85714285714,68.5714285714286,51,5299.71428571429,8313.28571428571,43.4,62.2857142857143,71.8571428571429,10.1,47.8571428571429,56.5714285714286,6.6
"2020-12-13",29,9880,80,8044.42857142857,72.7142857142857,51.7142857142857,5470.57142857143,8973.42857142857,47,59,70.1428571428571,23.2,47.7142857142857,58,8.4
"2020-12-14",35,8463,75,8240,72.7142857142857,54,5830.71428571429,9554.57142857143,41.3,62.1428571428571,73.2857142857143,17,46.4285714285714,59.8571428571429,16.3
"2020-12-15",86,6632,64,8313.28571428571,71.8571428571429,56.5714285714286,6128,10000.1428571429,35.7,63.7142857142857,77,12.8,47.4285714285714,62.5714285714286,19.3
"2020-12-16",76,11166,64,8973.42857142857,70.1428571428571,58,6361.85714285714,10443.1428571429,41.1,65.8571428571429,80.4285714285714,6.5,47.4285714285714,62.8571428571429,22.3
"2020-12-17",76,12779,94,9554.57142857143,73.2857142857143,59.8571428571429,6807.14285714286,10888.5714285714,40.4,65.7142857142857,83.1428571428571,11.5,48,63.1428571428571,24.7
"2020-12-18",83,11958,84,10000.1428571429,77,62.5714285714286,7228.28571428571,11273.4285714286,38.3,66.2857142857143,83.2857142857143,16.2,49,62.4285714285714,27.7
"2020-12-19",55,12224,102,10443.1428571429,80.4285714285714,62.8571428571429,7598.85714285714,11729.2857142857,37.4,68.5714285714286,86,17.3,51,66.2857142857143,23.2
"2020-12-20",31,12998,99,10888.5714285714,83.1428571428571,63.1428571428571,8044.42857142857,11619,35.4,72.7142857142857,90.2857142857143,14.3,51.7142857142857,70.2857142857143,22.1
"2020-12-21",30,11157,76,11273.4285714286,83.2857142857143,62.4285714285714,8240,11436,36.8,72.7142857142857,89.7142857142857,14.5,54,72,15.6
"2020-12-22",113,9823,83,11729.2857142857,86,66.2857142857143,8313.28571428571,11370.1428571429,41.1,71.8571428571429,89.7142857142857,19.7,56.5714285714286,73.4285714285714,17.2
"2020-12-23",104,10394,94,11619,90.2857142857143,70.2857142857143,8973.42857142857,11026.4285714286,29.5,70.1428571428571,85.2857142857143,28.7,58,72.5714285714286,21.2
"2020-12-24",88,11498,90,11436,89.7142857142857,72,9554.57142857143,10456.1428571429,19.7,73.2857142857143,82.2857142857143,22.4,59.8571428571429,72.1428571428571,20.3
"2020-12-25",93,11497,84,11370.1428571429,89.7142857142857,73.4285714285714,10000.1428571429,9919.71428571429,13.7,77,84.2857142857143,16.5,62.5714285714286,74.1428571428571,17.4
"2020-12-26",49,9818,71,11026.4285714286,85.2857142857143,72.5714285714286,10443.1428571429,9590.85714285714,5.6,80.4285714285714,88.2857142857143,6,62.8571428571429,82.1428571428571,15.5
"2020-12-27",28,9006,78,10456.1428571429,82.2857142857143,72.1428571428571,10888.5714285714,9456.28571428571,-4,83.1428571428571,87.8571428571429,-1,63.1428571428571,83.1428571428571,14.3
"2020-12-28",44,7402,90,9919.71428571429,84.2857142857143,74.1428571428571,11273.4285714286,9194.71428571429,-12,83.2857142857143,94.2857142857143,1.2,62.4285714285714,86.1428571428571,18.8
"2020-12-29",169,7521,111,9590.85714285714,88.2857142857143,82.1428571428571,11729.2857142857,8719.42857142857,-18.2,86,93.2857142857143,2.7,66.2857142857143,86.8571428571429,23.9
"2020-12-30",111,9452,91,9456.28571428571,87.8571428571429,83.1428571428571,11619,8543.85714285714,-18.6,90.2857142857143,91.4285714285714,-2.7,70.2857142857143,85.2857142857143,18.3
"2020-12-31",109,9667,135,9194.71428571429,94.2857142857143,86.1428571428571,11436,8314.14285714286,-19.6,89.7142857142857,96.1428571428571,5.1,72,88,19.6
"2021-01-01",98,8170,77,8719.42857142857,93.2857142857143,86.8571428571429,11370.1428571429,8204.42857142857,-23.3,89.7142857142857,93.4285714285714,4,73.4285714285714,91,18.3
"2021-01-02",38,8589,58,8543.85714285714,91.4285714285714,85.2857142857143,11026.4285714286,8040.71428571429,-22.5,85.2857142857143,91,7.2,72.5714285714286,88.5714285714286,17.5
"2021-01-03",47,7398,111,8314.14285714286,96.1428571428571,88,10456.1428571429,7703.85714285714,-20.5,82.2857142857143,92.5714285714286,16.8,72.1428571428571,97.7142857142857,22
"2021-01-04",65,6634,71,8204.42857142857,93.4285714285714,91,9919.71428571429,7705.71428571429,-17.3,84.2857142857143,86.2857142857143,10.8,74.1428571428571,93.7142857142857,22.7
"2021-01-05",152,6375,94,8040.71428571429,91,88.5714285714286,9590.85714285714,7697.71428571429,-16.2,88.2857142857143,87.2857142857143,3.1,82.1428571428571,92.2857142857143,7.8
"2021-01-06",175,7094,102,7703.85714285714,92.5714285714286,97.7142857142857,9456.28571428571,7518,-18.5,87.8571428571429,90.1428571428571,5.4,83.1428571428571,106.428571428571,17.5
"2021-01-07",81,9680,91,7705.71428571429,86.2857142857143,93.7142857142857,9194.71428571429,7404.71428571429,-16.2,94.2857142857143,85.4285714285714,-8.5,86.1428571428571,107.285714285714,8.8
"2021-01-08",88,8114,84,7697.71428571429,87.2857142857143,92.2857142857143,8719.42857142857,7235.28571428571,-11.7,93.2857142857143,84,-6.4,86.8571428571429,104.714285714286,6.2
"2021-01-09",137,7331,78,7518,90.1428571428571,106.428571428571,8543.85714285714,7030.57142857143,-12,91.4285714285714,84.7142857142857,-1.4,85.2857142857143,104.857142857143,24.8
"2021-01-10",53,6605,78,7404.71428571429,85.4285714285714,107.285714285714,8314.14285714286,6887.85714285714,-10.9,96.1428571428571,79.8571428571429,-11.1,88,97.1428571428571,21.9
"2021-01-11",47,5448,61,7235.28571428571,84,104.714285714286,8204.42857142857,6433.42857142857,-11.8,93.4285714285714,77.5714285714286,-10.1,91,97.8571428571429,15.1
"2021-01-12",153,4942,99,7030.57142857143,84.7142857142857,104.857142857143,8040.71428571429,6135.71428571429,-12.6,91,76,-6.9,88.5714285714286,98.7142857142857,18.4
"2021-01-13",121,6095,68,6887.85714285714,79.8571428571429,97.1428571428571,7703.85714285714,5845.42857142857,-10.6,92.5714285714286,72.5714285714286,-13.7,97.7142857142857,92.8571428571429,-0.6
"2021-01-14",86,6499,75,6433.42857142857,77.5714285714286,97.8571428571429,7705.71428571429,5699.42857142857,-16.5,86.2857142857143,71.2857142857143,-10.1,93.7142857142857,91.4285714285714,4.4
"2021-01-15",94,6030,73,6135.71428571429,76,98.7142857142857,7697.71428571429,5604.85714285714,-20.3,87.2857142857143,74.7142857142857,-12.9,92.2857142857143,93.1428571428571,7
"2021-01-16",96,5299,54,5845.42857142857,72.5714285714286,92.8571428571429,7518,5512.85714285714,-22.2,90.1428571428571,75,-19.5,106.428571428571,86.2857142857143,-12.8
"2021-01-17",43,5583,69,5699.42857142857,71.2857142857143,91.4285714285714,7404.71428571429,5438.14285714286,-23,85.4285714285714,75.7142857142857,-16.6,107.285714285714,81.2857142857143,-14.8
"2021-01-18",59,4786,85,5604.85714285714,74.7142857142857,93.1428571428571,7235.28571428571,5340,-22.5,84,77.4285714285714,-11.1,104.714285714286,82,-11.1
"2021-01-19",105,4298,101,5512.85714285714,75,86.2857142857143,7030.57142857143,5300.28571428571,-21.6,84.7142857142857,77,-11.5,104.857142857143,81.2857142857143,-17.7
"2021-01-20",86,5572,73,5438.14285714286,75.7142857142857,81.2857142857143,6887.85714285714,5321.85714285714,-21,79.8571428571429,80.4285714285714,-5.2,97.1428571428571,80.1428571428571,-16.3
"2021-01-21",91,5812,87,5340,77.4285714285714,82,6433.42857142857,5222.14285714286,-17,77.5714285714286,79.5714285714286,-0.2,97.8571428571429,78.2857142857143,-16.2
"2021-01-22",89,5752,70,5300.28571428571,77,81.2857142857143,6135.71428571429,5123.28571428571,-13.6,76,82,1.3,98.7142857142857,75.5714285714286,-17.7
"2021-01-23",88,5450,78,5321.85714285714,80.4285714285714,80.1428571428571,5845.42857142857,5074.85714285714,-9,72.5714285714286,77.5714285714286,10.8,92.8571428571429,72.8571428571429,-13.7
"2021-01-24",30,4885,63,5222.14285714286,79.5714285714286,78.2857142857143,5699.42857142857,4954.42857142857,-8.4,71.2857142857143,76.7142857142857,11.6,91.4285714285714,70.2857142857143,-14.4
"2021-01-25",40,4094,102,5123.28571428571,82,75.5714285714286,5604.85714285714,4795.57142857143,-8.6,74.7142857142857,73.4285714285714,9.8,93.1428571428571,69,-18.9
"2021-01-26",86,3959,70,5074.85714285714,77.5714285714286,72.8571428571429,5512.85714285714,4602.71428571429,-7.9,75,72.4285714285714,3.4,86.2857142857143,64.4285714285714,-15.6
"2021-01-27",68,4729,67,4954.42857142857,76.7142857142857,70.2857142857143,5438.14285714286,4420.71428571429,-8.9,75.7142857142857,72.7142857142857,1.3,81.2857142857143,64.4285714285714,-13.5
"2021-01-28",82,4700,64,4795.57142857143,73.4285714285714,69,5340,4249,-10.2,77.4285714285714,71.8571428571429,-5.2,82,65.8571428571429,-15.9
"2021-01-29",57,4402,63,4602.71428571429,72.4285714285714,64.4285714285714,5300.28571428571,4127.28571428571,-13.2,77,62.8571428571429,-5.9,81.2857142857143,64,-20.7
"2021-01-30",88,4176,80,4420.71428571429,72.7142857142857,64.4285714285714,5321.85714285714,4069.85714285714,-16.9,80.4285714285714,62.4285714285714,-9.6,80.1428571428571,63.5714285714286,-19.6
"2021-01-31",40,3683,57,4249,71.8571428571429,65.8571428571429,5222.14285714286,3969.85714285714,-18.6,79.5714285714286,62.4285714285714,-9.7,78.2857142857143,62.7142857142857,-15.9
"2021-02-01",27,3242,39,4127.28571428571,62.8571428571429,64,5123.28571428571,3899.28571428571,-19.4,82,63.1428571428571,-23.3,75.5714285714286,60.5714285714286,-15.3
"2021-02-02",83,3557,67,4069.85714285714,62.4285714285714,63.5714285714286,5074.85714285714,3888.28571428571,-19.8,77.5714285714286,67.2857142857143,-19.5,72.8571428571429,61,-12.7
"2021-02-03",62,4029,67,3969.85714285714,62.4285714285714,62.7142857142857,4954.42857142857,3876.71428571429,-19.9,76.7142857142857,66,-18.6,70.2857142857143,57.1428571428571,-10.8
"2021-02-04",67,4206,69,3899.28571428571,63.1428571428571,60.5714285714286,4795.57142857143,3910.85714285714,-18.7,73.4285714285714,66.1428571428571,-14,69,58.2857142857143,-12.2
"2021-02-05",60,4325,92,3888.28571428571,67.2857142857143,61,4602.71428571429,3770.42857142857,-15.5,72.4285714285714,66.2857142857143,-7.1,64.4285714285714,58,-5.3
"2021-02-06",61,4095,71,3876.71428571429,66,57.1428571428571,4420.71428571429,3513.57142857143,-12.3,72.7142857142857,64.7142857142857,-9.2,64.4285714285714,58,-11.3
"2021-02-07",48,3922,58,3910.85714285714,66.1428571428571,58.2857142857143,4249,3392.42857142857,-8,71.8571428571429,64.7142857142857,-8,65.8571428571429,60.2857142857143,-11.5
"2021-02-08",25,2259,40,3770.42857142857,66.2857142857143,58,4127.28571428571,3424.57142857143,-8.6,62.8571428571429,65.2857142857143,5.5,64,61.2857142857143,-9.4
"2021-02-09",83,1759,56,3513.57142857143,64.7142857142857,58,4069.85714285714,3425.57142857143,-13.7,62.4285714285714,63.8571428571429,3.7,63.5714285714286,62,-8.8
"2021-02-10",78,3181,67,3392.42857142857,64.7142857142857,60.2857142857143,3969.85714285714,3437.28571428571,-14.5,62.4285714285714,62.5714285714286,3.7,62.7142857142857,62.8571428571429,-3.9
"2021-02-11",74,4431,73,3424.57142857143,65.2857142857143,61.2857142857143,3899.28571428571,3367.14285714286,-12.2,63.1428571428571,62.8571428571429,3.4,60.5714285714286,59.2857142857143,1.2
"2021-02-12",65,4332,82,3425.57142857143,63.8571428571429,62,3888.28571428571,3450.71428571429,-11.9,67.2857142857143,63.8571428571429,-5.1,61,59.5714285714286,1.6
"2021-02-13",67,4177,62,3437.28571428571,62.5714285714286,62.8571428571429,3876.71428571429,3584,-11.3,66,64.2857142857143,-5.2,57.1428571428571,60.2857142857143,10
"2021-02-14",23,3431,60,3367.14285714286,62.8571428571429,59.2857142857143,3910.85714285714,3611.85714285714,-13.9,66.1428571428571,65.7142857142857,-5,58.2857142857143,61.8571428571429,1.7
"2021-02-15",27,2844,47,3450.71428571429,63.8571428571429,59.5714285714286,3770.42857142857,3630.71428571429,-8.5,66.2857142857143,64.4285714285714,-3.7,58,61.8571428571429,2.7
"2021-02-16",88,2692,59,3584,64.2857142857143,60.2857142857143,3513.57142857143,3680.57142857143,2,64.7142857142857,63,-0.7,58,59.7142857142857,3.9
"2021-02-17",89,3376,77,3611.85714285714,65.7142857142857,61.8571428571429,3392.42857142857,3732.85714285714,6.5,64.7142857142857,67.1428571428571,1.5,60.2857142857143,59,2.6
"2021-02-18",74,4563,64,3630.71428571429,64.4285714285714,61.8571428571429,3424.57142857143,3910.14285714286,6,65.2857142857143,64.5714285714286,-1.3,61.2857142857143,58.1428571428571,0.9
"2021-02-19",50,4681,72,3680.57142857143,63,59.7142857142857,3425.57142857143,4101.28571428571,7.4,63.8571428571429,67.1428571428571,-1.3,62,58.8571428571429,-3.7
"2021-02-20",62,4543,91,3732.85714285714,67.1428571428571,59,3437.28571428571,4261.57142857143,8.6,62.5714285714286,67.1428571428571,7.3,62.8571428571429,59.5714285714286,-6.1
"2021-02-21",17,4672,42,3910.14285714286,64.5714285714286,58.1428571428571,3367.14285714286,4404.14285714286,16.1,62.8571428571429,63.1428571428571,2.7,59.2857142857143,55.8571428571429,-1.9
"2021-02-22",32,4182,65,4101.28571428571,67.1428571428571,58.8571428571429,3450.71428571429,4465.14285714286,18.9,63.8571428571429,62.2857142857143,5.1,59.5714285714286,49.8571428571429,-1.2
"2021-02-23",93,3814,59,4261.57142857143,67.1428571428571,59.5714285714286,3584,4525.14285714286,18.9,64.2857142857143,59.4285714285714,4.4,60.2857142857143,52,-1.2
"2021-02-24",63,4374,49,4404.14285714286,63.1428571428571,55.8571428571429,3611.85714285714,4579.85714285714,21.9,65.7142857142857,58.4285714285714,-3.9,61.8571428571429,49,-9.7
"2021-02-25",32,4990,58,4465.14285714286,62.2857142857143,49.8571428571429,3630.71428571429,4575.14285714286,23,64.4285714285714,61,-3.3,61.8571428571429,49.4285714285714,-19.4
"2021-02-26",65,5101,52,4525.14285714286,59.4285714285714,52,3680.57142857143,4513.85714285714,22.9,63,61.4285714285714,-5.7,59.7142857142857,47.7142857142857,-12.9
"2021-02-27",41,4926,84,4579.85714285714,58.4285714285714,49,3732.85714285714,4536.42857142857,22.7,67.1428571428571,60.5714285714286,-13,59,43.5714285714286,-16.9
"2021-02-28",20,4639,60,4575.14285714286,61,49.4285714285714,3910.14285714286,4630.14285714286,17,64.5714285714286,60.5714285714286,-5.5,58.1428571428571,41.4285714285714,-15
"2021-03-01",20,3753,68,4513.85714285714,61.4285714285714,47.7142857142857,4101.28571428571,4502.85714285714,10.1,67.1428571428571,60.8571428571429,-8.5,58.8571428571429,41.5714285714286,-18.9
"2021-03-02",64,3972,53,4536.42857142857,60.5714285714286,43.5714285714286,4261.57142857143,4441.71428571429,6.4,67.1428571428571,64.2857142857143,-9.8,59.5714285714286,36.8571428571429,-26.9
"2021-03-03",48,5030,49,4630.14285714286,60.5714285714286,41.4285714285714,4404.14285714286,4497.71428571429,5.1,63.1428571428571,58.7142857142857,-4.1,55.8571428571429,37,-25.8
"2021-03-04",33,4099,60,4502.85714285714,60.8571428571429,41.5714285714286,4465.14285714286,4480.42857142857,0.8,62.2857142857143,61.4285714285714,-2.3,49.8571428571429,38.2857142857143,-16.6
"2021-03-05",32,4673,76,4441.71428571429,64.2857142857143,36.8571428571429,4525.14285714286,4500,-1.8,59.4285714285714,60.5714285714286,8.2,52,39.1428571428571,-29.1
"2021-03-06",42,5318,45,4497.71428571429,58.7142857142857,37,4579.85714285714,4545.14285714286,-1.8,58.4285714285714,66.1428571428571,0.5,49,38.1428571428571,-24.5
"2021-03-07",29,4518,79,4480.42857142857,61.4285714285714,38.2857142857143,4575.14285714286,4578.71428571429,-2.1,61,68.5714285714286,0.7,49.4285714285714,35.7142857142857,-22.5
"2021-03-08",26,3890,62,4500,60.5714285714286,39.1428571428571,4513.85714285714,4750.42857142857,-0.3,61.4285714285714,71.1428571428571,-1.4,47.7142857142857,38.1428571428571,-18
"2021-03-09",57,4288,92,4545.14285714286,66.1428571428571,38.1428571428571,4536.42857142857,4937.71428571429,0.2,60.5714285714286,71.5714285714286,9.2,43.5714285714286,37.4285714285714,-12.5
"2021-03-10",31,5265,66,4578.71428571429,68.5714285714286,35.7142857142857,4630.14285714286,5089.85714285714,-1.1,60.5714285714286,73.4285714285714,13.2,41.4285714285714,34.5714285714286,-13.8
"2021-03-11",50,5301,78,4750.42857142857,71.1428571428571,38.1428571428571,4502.85714285714,5295.85714285714,5.5,60.8571428571429,70.4285714285714,16.9,41.5714285714286,33.8571428571429,-8.2
"2021-03-12",27,5984,79,4937.71428571429,71.5714285714286,37.4285714285714,4441.71428571429,5526.85714285714,11.2,64.2857142857143,69,11.3,36.8571428571429,32.7142857142857,1.6
"2021-03-13",22,6383,58,5089.85714285714,73.4285714285714,34.5714285714286,4497.71428571429,5620.85714285714,13.2,58.7142857142857,64.2857142857143,25.1,37,29,-6.6
"2021-03-14",24,5960,58,5295.85714285714,70.4285714285714,33.8571428571429,4480.42857142857,5713.57142857143,18.2,61.4285714285714,64.8571428571429,14.7,38.2857142857143,31.2857142857143,-11.6
"2021-03-15",18,5507,52,5526.85714285714,69,32.7142857142857,4500,5833.28571428571,22.8,60.5714285714286,64,13.9,39.1428571428571,28.8571428571429,-16.4
"2021-03-16",31,4946,59,5620.85714285714,64.2857142857143,29,4545.14285714286,6029.71428571429,23.7,66.1428571428571,63.1428571428571,-2.8,38.1428571428571,31.4285714285714,-24
"2021-03-17",47,5914,70,5713.57142857143,64.8571428571429,31.2857142857143,4578.71428571429,6205,24.8,68.5714285714286,63.7142857142857,-5.4,35.7142857142857,30.8571428571429,-12.4
"2021-03-18",33,6139,72,5833.28571428571,64,28.8571428571429,4750.42857142857,6350,22.8,71.1428571428571,65.4285714285714,-10,38.1428571428571,29.5714285714286,-24.3
"2021-03-19",45,7359,73,6029.71428571429,63.1428571428571,31.4285714285714,4937.71428571429,6463.71428571429,22.1,71.5714285714286,66.8571428571429,-11.8,37.4285714285714,29.1428571428571,-16
"2021-03-20",18,7610,62,6205,63.7142857142857,30.8571428571429,5089.85714285714,6558.57142857143,21.9,73.4285714285714,69.7142857142857,-13.2,34.5714285714286,31.7142857142857,-10.7
"2021-03-21",15,6975,70,6350,65.4285714285714,29.5714285714286,5295.85714285714,6794.14285714286,19.9,70.4285714285714,68.7142857142857,-7.1,33.8571428571429,29.4285714285714,-12.7
"2021-03-22",15,6303,62,6463.71428571429,66.8571428571429,29.1428571428571,5526.85714285714,7016,17,69,71.7142857142857,-3.1,32.7142857142857,28.2857142857143,-10.9
"2021-03-23",49,5610,79,6558.57142857143,69.7142857142857,31.7142857142857,5620.85714285714,7045.71428571429,16.7,64.2857142857143,72.4285714285714,8.4,29,25.4285714285714,9.4
"2021-03-24",31,7563,63,6794.14285714286,68.7142857142857,29.4285714285714,5713.57142857143,7215,18.9,64.8571428571429,73,5.9,31.2857142857143,27,-5.9
"2021-03-25",25,7692,93,7016,71.7142857142857,28.2857142857143,5833.28571428571,7286.42857142857,20.3,64,73.1428571428571,12.1,28.8571428571429,27,-2
"2021-03-26",25,7567,78,7045.71428571429,72.4285714285714,25.4285714285714,6029.71428571429,7355.42857142857,16.8,63.1428571428571,72.4285714285714,14.7,31.4285714285714,26.2857142857143,-19.1
"2021-03-27",29,8795,66,7215,73,27,6205,7391.57142857143,16.3,63.7142857142857,70.4285714285714,14.6,30.8571428571429,24.4285714285714,-12.5
"2021-03-28",15,7475,71,7286.42857142857,73.1428571428571,27,6350,7401.71428571429,14.7,65.4285714285714,75.1428571428571,11.8,29.5714285714286,24,-8.7
"2021-03-29",10,6786,57,7355.42857142857,72.4285714285714,26.2857142857143,6463.71428571429,7421.28571428571,13.8,66.8571428571429,71.2857142857143,8.3,29.1428571428571,23.5714285714286,-9.8
"2021-03-30",36,5863,65,7391.57142857143,70.4285714285714,24.4285714285714,6558.57142857143,7372,12.7,69.7142857142857,73.1428571428571,1,31.7142857142857,22.2857142857143,-23
"2021-03-31",28,7634,96,7401.71428571429,75.1428571428571,24,6794.14285714286,7203.57142857143,8.9,68.7142857142857,73.2857142857143,9.4,29.4285714285714,22.5714285714286,-18.4
"2021-04-01",22,7829,66,7421.28571428571,71.2857142857143,23.5714285714286,7016,7118.14285714286,5.8,71.7142857142857,71.7142857142857,-0.6,28.2857142857143,22.7142857142857,-16.7
"2021-04-02",16,7222,91,7372,73.1428571428571,22.2857142857143,7045.71428571429,6911.71428571429,4.6,72.4285714285714,71.5714285714286,1,25.4285714285714,22.4285714285714,-12.4
"2021-04-03",31,7616,67,7203.57142857143,73.2857142857143,22.5714285714286,7215,6869.28571428571,-0.2,73,77.1428571428571,0.4,27,20.1428571428571,-16.4
"2021-04-04",16,6877,60,7118.14285714286,71.7142857142857,22.7142857142857,7286.42857142857,6690.57142857143,-2.3,73.1428571428571,83.4285714285714,-2,27,19.4285714285714,-15.9
"2021-04-05",8,5341,56,6911.71428571429,71.5714285714286,22.4285714285714,7355.42857142857,6684.85714285714,-6,72.4285714285714,84,-1.2,26.2857142857143,19,-14.7
"2021-04-06",20,5566,104,6869.28571428571,77.1428571428571,20.1428571428571,7391.57142857143,6750.14285714286,-7.1,70.4285714285714,86,9.5,24.4285714285714,22.5714285714286,-17.5
"2021-04-07",23,6383,140,6690.57142857143,83.4285714285714,19.4285714285714,7401.71428571429,6762.14285714286,-9.6,75.1428571428571,84.5714285714286,11,24,21.4285714285714,-19
"2021-04-08",19,7789,70,6684.85714285714,84,19,7421.28571428571,6963.71428571429,-9.9,71.2857142857143,89.1428571428571,17.8,23.5714285714286,21.5714285714286,-19.4
"2021-04-09",41,7679,105,6750.14285714286,86,22.5714285714286,7372,NA,-8.4,73.1428571428571,NA,17.6,22.2857142857143,NA,1.3
"2021-04-10",23,7700,57,6762.14285714286,84.5714285714286,21.4285714285714,7203.57142857143,NA,-6.1,73.2857142857143,NA,15.4,22.5714285714286,NA,-5.1
"2021-04-11",17,8288,92,6963.71428571429,89.1428571428571,21.5714285714286,7118.14285714286,NA,-2.2,71.7142857142857,NA,24.3,22.7142857142857,NA,-5
