"<50";"0-9";"10-19";"20-29";"30-39";"40-49";"50-59";"60-69";"70-79";"80-89";"90+";"date";"Unknown"
"0";"15";"389";"820";"469";"507";"554";"277";"130";"67";"24";"2020-10-01";"0"
"0";"15";"485";"918";"611";"582";"615";"323";"172";"67";"37";"2020-10-02";"0"
"0";"16";"503";"1057";"606";"557";"676";"276";"156";"95";"25";"2020-10-03";"0"
"0";"17";"488";"967";"576";"615";"693";"348";"164";"109";"25";"2020-10-04";"1"
"0";"17";"570";"1081";"687";"708";"753";"408";"207";"112";"37";"2020-10-05";"-1"
"0";"22";"587";"1034";"685";"688";"799";"391";"181";"104";"34";"2020-10-06";"3"
"1";"21";"569";"1107";"786";"788";"877";"450";"223";"128";"38";"2020-10-07";"1"
"0";"30";"636";"1282";"899";"874";"1044";"559";"283";"156";"55";"2020-10-08";"4"
"0";"22";"692";"1412";"924";"898";"985";"574";"249";"157";"54";"2020-10-09";"4"
"1";"29";"760";"1375";"939";"985";"1195";"642";"302";"204";"66";"2020-10-10";"1"
"1";"40";"752";"1362";"925";"989";"1107";"614";"328";"169";"81";"2020-10-11";"5"
"0";"32";"829";"1414";"1050";"1098";"1175";"699";"347";"163";"39";"2020-10-12";"-1"
"0";"40";"966";"1521";"1125";"1167";"1286";"739";"348";"152";"28";"2020-10-13";"6"
"0";"41";"832";"1520";"1128";"1103";"1328";"728";"363";"186";"51";"2020-10-14";"7"
"0";"55";"886";"1590";"1161";"1165";"1375";"781";"485";"225";"65";"2020-10-15";"3"
"1";"54";"939";"1571";"1156";"1314";"1390";"846";"439";"213";"60";"2020-10-16";"1"
"0";"50";"919";"1647";"1268";"1343";"1385";"762";"449";"214";"76";"2020-10-17";"1"
"0";"43";"927";"1632";"1335";"1342";"1387";"781";"409";"232";"90";"2020-10-18";"4"
"0";"44";"970";"1502";"1186";"1301";"1474";"774";"425";"247";"62";"2020-10-19";"7"
"0";"50";"949";"1657";"1238";"1358";"1444";"730";"434";"246";"58";"2020-10-20";"1"
"0";"55";"1017";"1667";"1360";"1371";"1624";"865";"448";"254";"70";"2020-10-21";"12"
"0";"55";"981";"1822";"1366";"1516";"1692";"933";"463";"347";"95";"2020-10-22";"1"
"0";"63";"1026";"1959";"1524";"1545";"1804";"1047";"568";"338";"118";"2020-10-23";"4"
"0";"65";"892";"1671";"1288";"1412";"1531";"840";"522";"320";"105";"2020-10-24";"5"
"0";"73";"1114";"1957";"1578";"1615";"1822";"1031";"603";"304";"99";"2020-10-25";"6"
"1";"75";"1156";"1921";"1570";"1602";"1910";"1030";"612";"352";"110";"2020-10-26";"4"
"1";"73";"1133";"1851";"1614";"1718";"1887";"1067";"582";"270";"90";"2020-10-27";"6"
"0";"43";"866";"1456";"1212";"1301";"1463";"906";"459";"302";"93";"2020-10-28";"1"
"0";"67";"1088";"1791";"1514";"1603";"1942";"1097";"600";"421";"135";"2020-10-29";"6"
"0";"83";"1347";"1947";"1656";"1707";"2026";"1163";"643";"398";"156";"2020-10-30";"-7"
"1";"59";"1107";"1698";"1391";"1551";"1819";"1047";"604";"407";"120";"2020-10-31";"0"
"0";"55";"961";"1502";"1334";"1355";"1539";"895";"546";"400";"97";"2020-11-01";"-1"
"0";"61";"946";"1448";"1222";"1262";"1499";"892";"494";"336";"130";"2020-11-02";"-4"
"1";"68";"849";"1333";"1126";"1214";"1470";"842";"471";"274";"97";"2020-11-03";"-2"
"0";"57";"869";"1345";"1076";"1228";"1376";"798";"485";"328";"73";"2020-11-04";"-2"
"1";"54";"780";"1180";"982";"1098";"1272";"714";"445";"331";"111";"2020-11-05";"-3"
"1";"51";"816";"1318";"1105";"1045";"1278";"721";"469";"345";"93";"2020-11-06";"0"
"0";"60";"764";"1159";"957";"968";"1195";"726";"425";"334";"85";"2020-11-07";"-2"
"1";"58";"676";"1018";"845";"840";"986";"626";"319";"223";"73";"2020-11-08";"-1"
"1";"36";"522";"753";"708";"710";"881";"521";"299";"191";"59";"2020-11-09";"-1"
"0";"37";"539";"792";"678";"795";"843";"523";"249";"165";"49";"2020-11-10";"-3"
"0";"44";"650";"908";"762";"861";"1010";"569";"317";"208";"78";"2020-11-11";"0"
"0";"52";"695";"945";"805";"880";"932";"677";"321";"230";"97";"2020-11-12";"0"
"1";"62";"790";"1020";"926";"958";"997";"621";"376";"264";"76";"2020-11-13";"0"
"2";"64";"750";"995";"837";"889";"1013";"631";"375";"278";"81";"2020-11-14";"-1"
"0";"70";"711";"884";"743";"822";"971";"566";"326";"253";"68";"2020-11-15";"-1"
"0";"51";"670";"826";"692";"732";"880";"490";"274";"146";"70";"2020-11-16";"-1"
"1";"41";"558";"721";"637";"681";"763";"439";"230";"168";"63";"2020-11-17";"0"
"1";"54";"630";"750";"630";"701";"780";"462";"284";"241";"76";"2020-11-18";"0"
"1";"65";"810";"872";"791";"907";"934";"581";"361";"250";"73";"2020-11-19";"0"
"0";"59";"938";"917";"813";"968";"1017";"589";"325";"237";"71";"2020-11-20";"-1"
"1";"72";"994";"943";"870";"936";"994";"565";"345";"264";"86";"2020-11-21";"0"
"0";"63";"871";"867";"774";"903";"892";"484";"265";"199";"70";"2020-11-22";"0"
"0";"63";"881";"780";"716";"804";"884";"496";"313";"173";"60";"2020-11-23";"0"
"0";"54";"672";"594";"564";"637";"697";"342";"216";"108";"47";"2020-11-24";"-5"
"0";"62";"804";"738";"721";"771";"832";"464";"285";"159";"73";"2020-11-25";"0"
"0";"57";"706";"675";"639";"682";"738";"404";"297";"195";"77";"2020-11-26";"0"
"1";"80";"1031";"905";"777";"904";"904";"549";"314";"213";"66";"2020-11-27";"-1"
"0";"73";"728";"674";"635";"669";"707";"428";"278";"188";"79";"2020-11-28";"0"
"0";"84";"910";"872";"786";"881";"930";"494";"343";"208";"78";"2020-11-29";"-1"
"0";"66";"776";"679";"617";"754";"822";"446";"244";"132";"32";"2020-11-30";"0"
"1";"55";"622";"614";"598";"629";"705";"396";"244";"139";"43";"2020-12-01";"-1"
"0";"70";"817";"772";"675";"770";"853";"426";"263";"199";"76";"2020-12-02";"0"
"0";"74";"991";"893";"755";"846";"900";"531";"323";"223";"70";"2020-12-03";"0"
"2";"79";"1024";"922";"795";"914";"931";"584";"317";"210";"96";"2020-12-04";"0"
"1";"117";"1126";"1002";"831";"1030";"1075";"620";"378";"260";"81";"2020-12-05";"0"
"0";"122";"1205";"1022";"909";"1059";"1133";"680";"366";"214";"69";"2020-12-06";"0"
"2";"130";"1305";"1054";"878";"1134";"1162";"670";"404";"238";"90";"2020-12-07";"0"
"0";"95";"1159";"888";"818";"991";"1052";"598";"298";"183";"64";"2020-12-08";"0"
"0";"120";"1199";"949";"909";"979";"1053";"603";"343";"276";"97";"2020-12-09";"0"
"1";"134";"1600";"1273";"1109";"1382";"1460";"829";"479";"309";"144";"2020-12-10";"0"
"0";"174";"1658";"1336";"1149";"1393";"1324";"799";"486";"366";"153";"2020-12-11";"0"
"0";"163";"1720";"1315";"1209";"1383";"1390";"902";"539";"349";"110";"2020-12-12";"0"
"0";"191";"1772";"1429";"1264";"1503";"1652";"1009";"580";"354";"130";"2020-12-13";"0"
"0";"179";"1541";"1178";"1139";"1317";"1356";"844";"495";"314";"94";"2020-12-14";"0"
"0";"148";"1222";"881";"855";"1053";"1076";"694";"419";"220";"65";"2020-12-15";"0"
"1";"235";"1840";"1617";"1493";"1816";"1898";"1085";"636";"413";"135";"2020-12-16";"0"
"0";"188";"1987";"1963";"1677";"2002";"2226";"1256";"783";"528";"169";"2020-12-17";"0"
"0";"164";"1878";"1868";"1616";"1842";"1970";"1218";"736";"450";"189";"2020-12-18";"0"
"1";"183";"1830";"1945";"1613";"1915";"2086";"1263";"722";"487";"172";"2020-12-19";"0"
"0";"198";"1951";"2034";"1651";"2035";"2305";"1360";"837";"501";"160";"2020-12-20";"0"
"3";"177";"1728";"1554";"1460";"1810";"1991";"1207";"722";"402";"114";"2020-12-21";"0"
"1";"157";"1332";"1507";"1361";"1570";"1750";"1046";"589";"357";"140";"2020-12-22";"0"
"1";"178";"1387";"1509";"1308";"1658";"1866";"1158";"685";"457";"182";"2020-12-23";"-1"
"1";"190";"1508";"1728";"1501";"1753";"2021";"1245";"820";"540";"192";"2020-12-24";"0"
"1";"212";"1481";"1779";"1555";"1753";"2000";"1242";"750";"545";"170";"2020-12-25";"-1"
"0";"167";"1328";"1535";"1281";"1430";"1766";"1090";"680";"443";"128";"2020-12-26";"0"
"1";"181";"1162";"1398";"1189";"1401";"1583";"1021";"607";"422";"115";"2020-12-27";"0"
"0";"131";"1035";"1103";"966";"1175";"1336";"781";"493";"303";"92";"2020-12-28";"0"
"0";"110";"890";"1193";"1025";"1209";"1367";"827";"494";"281";"106";"2020-12-29";"0"
"2";"138";"1033";"1501";"1241";"1417";"1740";"1005";"707";"466";"148";"2020-12-30";"0"
"1";"128";"1057";"1650";"1219";"1433";"1753";"1080";"688";"506";"166";"2020-12-31";"0"
"1";"115";"858";"1356";"1074";"1116";"1456";"957";"722";"385";"143";"2021-01-01";"0"
"0";"160";"896";"1400";"1161";"1163";"1504";"1035";"732";"418";"132";"2021-01-02";"0"
"0";"105";"814";"1152";"972";"1056";"1354";"891";"595";"359";"100";"2021-01-03";"0"
"0";"99";"771";"1160";"874";"950";"1133";"717";"475";"293";"91";"2021-01-04";"0"
"0";"99";"761";"1186";"880";"882";"1103";"681";"415";"239";"92";"2021-01-05";"0"
"1";"90";"838";"1441";"925";"938";"1165";"765";"468";"353";"115";"2021-01-06";"0"
"0";"135";"1309";"1925";"1144";"1259";"1609";"989";"654";"446";"157";"2021-01-07";"0"
"0";"121";"1097";"1626";"1016";"1059";"1327";"819";"534";"399";"126";"2021-01-08";"0"
"0";"117";"936";"1381";"899";"972";"1273";"793";"477";"338";"135";"2021-01-09";"0"
"1";"163";"859";"1172";"840";"857";"1164";"709";"423";"312";"113";"2021-01-10";"-1"
"0";"81";"629";"917";"728";"721";"1037";"611";"359";"245";"88";"2021-01-11";"0"
"0";"86";"558";"761";"575";"692";"968";"557";"302";"261";"113";"2021-01-12";"-1"
"0";"140";"622";"993";"760";"842";"1170";"666";"395";"368";"130";"2021-01-13";"0"
"1";"113";"702";"1093";"823";"858";"1184";"797";"464";"298";"134";"2021-01-14";"-1"
"0";"130";"669";"1050";"786";"719";"1129";"635";"427";"336";"128";"2021-01-15";"0"
"0";"117";"578";"857";"692";"685";"990";"625";"348";"264";"104";"2021-01-16";"0"
"1";"121";"630";"974";"707";"753";"1006";"629";"401";"273";"102";"2021-01-17";"1"
"1";"102";"514";"761";"664";"657";"913";"549";"297";"231";"65";"2021-01-18";"0"
"0";"99";"422";"677";"610";"617";"853";"466";"289";"180";"59";"2021-01-19";"0"
"0";"117";"541";"932";"748";"718";"1055";"652";"394";"282";"91";"2021-01-20";"0"
"0";"121";"601";"1037";"818";"773";"1026";"660";"375";"262";"101";"2021-01-21";"0"
"0";"110";"575";"968";"800";"777";"1073";"640";"397";"294";"110";"2021-01-22";"0"
"1";"117";"585";"932";"749";"734";"977";"637";"341";"260";"82";"2021-01-23";"-1"
"1";"135";"497";"802";"654";"671";"901";"603";"317";"235";"75";"2021-01-24";"0"
"0";"131";"417";"578";"517";"598";"828";"466";"244";"180";"58";"2021-01-25";"0"
"0";"109";"430";"656";"542";"570";"710";"465";"233";"149";"53";"2021-01-26";"0"
"1";"108";"494";"736";"654";"678";"831";"587";"313";"239";"85";"2021-01-27";"0"
"0";"120";"505";"736";"655";"620";"822";"546";"311";"267";"77";"2021-01-28";"0"
"0";"115";"414";"753";"577";"589";"814";"489";"307";"197";"95";"2021-01-29";"0"
"1";"131";"422";"672";"576";"553";"743";"470";"294";"233";"79";"2021-01-30";"-1"
"0";"107";"397";"593";"512";"516";"673";"393";"236";"205";"68";"2021-01-31";"0"
"0";"115";"292";"514";"453";"471";"649";"354";"173";"125";"42";"2021-02-01";"0"
"1";"124";"343";"576";"494";"512";"673";"415";"206";"157";"60";"2021-02-02";"0"
"0";"144";"406";"635";"539";"557";"753";"462";"242";"207";"69";"2021-02-03";"-1"
"1";"159";"431";"685";"569";"556";"731";"491";"264";"229";"77";"2021-02-04";"0"
"0";"167";"437";"712";"620";"602";"769";"455";"277";"204";"78";"2021-02-05";"0"
"0";"153";"436";"667";"524";"577";"736";"450";"270";"187";"75";"2021-02-06";"0"
"0";"202";"454";"617";"536";"503";"638";"454";"239";"216";"75";"2021-02-07";"0"
"1";"135";"255";"334";"307";"287";"403";"247";"131";"83";"38";"2021-02-08";"0"
"1";"88";"148";"255";"278";"255";"320";"192";"90";"86";"31";"2021-02-09";"0"
"1";"157";"307";"475";"449";"497";"519";"361";"177";"180";"60";"2021-02-10";"0"
"0";"187";"419";"713";"639";"629";"819";"503";"231";"192";"62";"2021-02-11";"0"
"1";"161";"427";"737";"623";"593";"763";"471";"284";"212";"69";"2021-02-12";"0"
"0";"156";"498";"698";"572";"551";"745";"478";"237";"202";"57";"2021-02-13";"0"
"0";"166";"341";"553";"501";"442";"599";"367";"256";"172";"50";"2021-02-14";"0"
"0";"162";"303";"459";"385";"407";"516";"314";"136";"97";"31";"2021-02-15";"0"
"0";"111";"307";"433";"370";"359";"501";"288";"171";"122";"39";"2021-02-16";"0"
"3";"114";"291";"536";"508";"465";"636";"356";"228";"172";"52";"2021-02-17";"0"
"1";"280";"527";"722";"678";"580";"793";"461";"251";"177";"49";"2021-02-18";"-1"
"0";"267";"506";"804";"669";"653";"792";"501";"298";"176";"60";"2021-02-19";"0"
"0";"229";"510";"804";"692";"634";"769";"471";"265";"147";"44";"2021-02-20";"0"
"0";"240";"555";"784";"732";"649";"778";"453";"281";"161";"41";"2021-02-21";"0"
"0";"303";"507";"590";"601";"617";"686";"451";"243";"124";"40";"2021-02-22";"0"
"0";"221";"384";"614";"610";"525";"704";"363";"212";"133";"31";"2021-02-23";"0"
"0";"300";"480";"728";"673";"640";"715";"412";"241";"130";"43";"2021-02-24";"0"
"0";"366";"611";"848";"717";"673";"817";"503";"279";"162";"35";"2021-02-25";"0"
"0";"292";"654";"799";"765";"737";"806";"515";"310";"183";"52";"2021-02-26";"0"
"0";"338";"666";"822";"708";"711";"732";"482";"280";"148";"50";"2021-02-27";"0"
"0";"297";"605";"791";"699";"686";"671";"462";"287";"127";"44";"2021-02-28";"0"
"1";"296";"520";"562";"575";"531";"593";"374";"206";"87";"17";"2021-03-01";"0"
"-1";"278";"519";"614";"599";"604";"671";"377";"191";"112";"17";"2021-03-02";"0"
"0";"378";"683";"824";"755";"691";"767";"454";"286";"135";"24";"2021-03-03";"0"
"2";"258";"561";"752";"587";"544";"641";"396";"233";"104";"36";"2021-03-04";"0"
"0";"308";"706";"888";"650";"620";"716";"440";"200";"112";"29";"2021-03-05";"0"
"0";"326";"767";"1000";"768";"701";"797";"506";"296";"140";"35";"2021-03-06";"0"
"0";"357";"642";"762";"627";"638";"696";"455";"223";"105";"21";"2021-03-07";"0"
"0";"327";"486";"618";"567";"592";"626";"355";"174";"82";"7";"2021-03-08";"0"
"0";"363";"555";"730";"650";"636";"692";"377";"213";"64";"13";"2021-03-09";"0"
"0";"401";"744";"851";"799";"805";"880";"444";"226";"103";"19";"2021-03-10";"0"
"0";"414";"737";"985";"773";"742";"819";"456";"247";"112";"37";"2021-03-11";"0"
"1";"415";"901";"1131";"837";"869";"903";"541";"279";"119";"30";"2021-03-12";"0"
"0";"407";"915";"1077";"962";"936";"1033";"538";"359";"136";"33";"2021-03-13";"0"
"0";"437";"885";"940";"844";"883";"964";"569";"316";"110";"26";"2021-03-14";"0"
"0";"432";"762";"832";"793";"808";"953";"494";"260";"115";"20";"2021-03-15";"0"
"0";"430";"692";"786";"734";"730";"791";"415";"240";"68";"16";"2021-03-16";"0"
"0";"483";"880";"959";"849";"879";"916";"554";"285";"98";"21";"2021-03-17";"0"
"0";"479";"883";"1001";"892";"911";"954";"568";"290";"113";"34";"2021-03-18";"0"
"0";"580";"1141";"1285";"1106";"1079";"1096";"601";"328";"145";"14";"2021-03-19";"0"
"0";"559";"1196";"1352";"1121";"1165";"1079";"642";"342";"121";"16";"2021-03-20";"0"
"0";"505";"1085";"1151";"969";"1037";"1071";"663";"359";"103";"22";"2021-03-21";"0"
"1";"507";"977";"920";"903";"996";"964";"572";"299";"101";"21";"2021-03-22";"0"
"1";"478";"847";"821";"846";"831";"855";"510";"269";"80";"22";"2021-03-23";"0"
"1";"639";"1082";"1232";"1118";"1204";"1186";"631";"340";"118";"28";"2021-03-24";"0"
"0";"617";"1236";"1283";"1106";"1062";"1185";"692";"381";"107";"33";"2021-03-25";"0"
"0";"612";"1274";"1251";"1126";"1110";"1108";"581";"362";"126";"12";"2021-03-26";"0"
"0";"640";"1337";"1457";"1354";"1299";"1322";"719";"490";"156";"24";"2021-03-27";"0"
"0";"538";"1149";"1234";"1064";"1090";"1153";"632";"429";"124";"17";"2021-03-28";"0"
"0";"537";"1053";"1046";"969";"999";"1053";"642";"321";"84";"14";"2021-03-29";"0"
"0";"486";"829";"914";"840";"907";"942";"526";"292";"75";"17";"2021-03-30";"0"
"0";"590";"1109";"1281";"1108";"1166";"1208";"634";"398";"120";"19";"2021-03-31";"0"
"1";"613";"1121";"1370";"1137";"1131";"1217";"702";"389";"127";"19";"2021-04-01";"0"
"0";"553";"1086";"1280";"1066";"1043";"1105";"642";"347";"114";"17";"2021-04-02";"0"
"2";"492";"1115";"1408";"1098";"1146";"1164";"684";"407";"94";"18";"2021-04-03";"0"
"0";"455";"1005";"1163";"1014";"1053";"1029";"639";"354";"94";"16";"2021-04-04";"0"
"1";"474";"824";"838";"763";"763";"887";"475";"231";"57";"7";"2021-04-05";"0"
"2";"487";"835";"853";"779";"872";"894";"477";"256";"71";"15";"2021-04-06";"0"
"0";"512";"956";"1009";"889";"1003";"1042";"563";"288";"62";"22";"2021-04-07";"0"
"0";"604";"1220";"1380";"1160";"1192";"1185";"633";"316";"82";"11";"2021-04-08";"0"
"0";"455";"1140";"1434";"1129";"1174";"1202";"650";"347";"89";"15";"2021-04-09";"0"
"1";"417";"1193";"1405";"1137";"1124";"1181";"694";"422";"89";"13";"2021-04-10";"0"
"0";"504";"1210";"1373";"1205";"1220";"1303";"781";"485";"111";"26";"2021-04-11";"0"
"0";"450";"996";"1093";"980";"1011";"1137";"578";"350";"67";"13";"2021-04-12";"0"
"0";"443";"997";"1058";"977";"1016";"1119";"631";"363";"73";"8";"2021-04-13";"0"
"0";"411";"783";"900";"774";"813";"896";"475";"257";"63";"14";"2021-04-14";"0"
"0";"572";"1341";"1698";"1298";"1240";"1367";"729";"403";"80";"6";"2021-04-15";"0"
"0";"611";"1404";"1705";"1254";"1322";"1385";"722";"392";"82";"21";"2021-04-16";"0"
"0";"607";"1328";"1580";"1174";"1200";"1249";"653";"401";"75";"18";"2021-04-17";"0"
"0";"571";"1362";"1535";"1098";"1258";"1366";"729";"473";"92";"21";"2021-04-18";"0"
"1";"545";"1136";"1124";"1025";"1123";"1132";"663";"302";"54";"12";"2021-04-19";"0"
"0";"550";"995";"1133";"994";"1069";"1168";"592";"273";"40";"8";"2021-04-20";"0"
"0";"600";"1352";"1465";"1206";"1300";"1390";"707";"353";"81";"17";"2021-04-21";"0"
"1";"768";"1515";"1766";"1338";"1424";"1493";"795";"405";"92";"14";"2021-04-22";"0"
"1";"693";"1513";"1687";"1263";"1305";"1380";"810";"441";"95";"22";"2021-04-23";"0"
"1";"514";"1327";"1453";"1159";"1256";"1237";"661";"361";"74";"17";"2021-04-24";"0"
"1";"547";"1224";"1415";"1145";"1208";"1314";"680";"377";"88";"14";"2021-04-25";"0"
"0";"543";"997";"953";"922";"962";"975";"510";"271";"56";"11";"2021-04-26";"0"
"0";"386";"827";"871";"717";"846";"856";"479";"290";"52";"13";"2021-04-27";"0"
"0";"671";"1345";"1550";"1221";"1375";"1339";"722";"354";"60";"12";"2021-04-28";"0"
"0";"522";"1134";"1268";"1012";"1157";"1157";"579";"350";"75";"17";"2021-04-29";"0"
"0";"537";"1204";"1479";"1045";"1204";"1252";"636";"329";"55";"17";"2021-04-30";"0"
"1";"306";"938";"1215";"832";"852";"915";"420";"232";"35";"9";"2021-05-01";"0"
"0";"331";"907";"1259";"728";"764";"790";"429";"228";"56";"16";"2021-05-02";"0"
"0";"505";"1481";"2070";"1167";"1334";"1415";"746";"403";"59";"7";"2021-05-03";"0"
"0";"388";"1121";"1798";"1082";"1129";"1204";"622";"312";"57";"12";"2021-05-04";"0"
"1";"388";"1189";"1499";"960";"1068";"1164";"607";"328";"52";"17";"2021-05-05";"0"
"1";"306";"1074";"1564";"956";"971";"1072";"508";"250";"68";"19";"2021-05-06";"0"
"1";"391";"1229";"1649";"1074";"1062";"1163";"533";"308";"58";"13";"2021-05-07";"0"
"1";"389";"1241";"1614";"1025";"1013";"1182";"568";"289";"58";"19";"2021-05-08";"0"
"0";"360";"1075";"1319";"927";"972";"1083";"505";"247";"57";"8";"2021-05-09";"0"
"0";"311";"987";"1173";"824";"858";"955";"478";"214";"41";"17";"2021-05-10";"0"
"0";"296";"943";"1104";"728";"779";"927";"444";"240";"51";"6";"2021-05-11";"0"
"0";"348";"1061";"1297";"886";"951";"1060";"463";"227";"51";"12";"2021-05-12";"0"
"0";"296";"1004";"1244";"851";"887";"1014";"450";"200";"57";"10";"2021-05-13";"0"
"0";"299";"881";"1190";"740";"830";"946";"354";"206";"54";"15";"2021-05-14";"0"
"0";"257";"717";"975";"601";"580";"724";"366";"159";"53";"14";"2021-05-15";"0"
"0";"302";"679";"878";"607";"608";"792";"326";"175";"52";"17";"2021-05-16";"0"
"0";"210";"434";"514";"405";"415";"489";"224";"107";"24";"7";"2021-05-17";"0"
"1";"325";"874";"1127";"747";"817";"865";"393";"128";"37";"12";"2021-05-18";"0"
"1";"279";"762";"1025";"619";"657";"735";"282";"152";"26";"11";"2021-05-19";"0"
"0";"281";"813";"1061";"642";"646";"697";"300";"138";"48";"6";"2021-05-20";"0"
"0";"227";"742";"959";"545";"577";"692";"262";"110";"25";"9";"2021-05-21";"0"
"0";"226";"502";"658";"495";"464";"493";"199";"88";"31";"6";"2021-05-22";"0"
"0";"223";"605";"667";"527";"498";"550";"216";"105";"25";"6";"2021-05-23";"0"
"2";"232";"444";"518";"382";"404";"461";"168";"66";"11";"2";"2021-05-24";"0"
"1";"230";"379";"457";"349";"355";"411";"168";"80";"25";"7";"2021-05-25";"0"
"0";"284";"431";"502";"427";"421";"448";"169";"46";"24";"2";"2021-05-26";"0"
"0";"285";"603";"698";"502";"475";"503";"163";"69";"27";"3";"2021-05-27";"0"
"0";"314";"739";"765";"625";"563";"548";"210";"70";"16";"2";"2021-05-28";"0"
"0";"234";"596";"683";"585";"534";"475";"168";"76";"26";"4";"2021-05-29";"0"
"1";"232";"496";"498";"422";"420";"406";"166";"56";"20";"2";"2021-05-30";"0"
"0";"195";"389";"328";"308";"339";"300";"109";"58";"13";"3";"2021-05-31";"0"
"1";"225";"480";"424";"302";"380";"351";"106";"36";"14";"1";"2021-06-01";"0"
"0";"218";"479";"455";"390";"414";"331";"141";"46";"21";"7";"2021-06-02";"0"
"0";"309";"641";"485";"358";"420";"340";"125";"48";"10";"-1";"2021-06-03";"0"
"0";"217";"558";"451";"360";"347";"280";"107";"47";"13";"2";"2021-06-04";"0"
"0";"193";"487";"377";"303";"339";"266";"92";"40";"20";"4";"2021-06-05";"0"
"0";"129";"334";"259";"274";"225";"212";"65";"18";"13";"1";"2021-06-06";"0"
"0";"168";"314";"204";"211";"204";"190";"59";"18";"6";"3";"2021-06-07";"0"
"0";"132";"308";"233";"241";"209";"204";"62";"21";"6";"4";"2021-06-08";"-1"
"0";"167";"369";"277";"274";"276";"230";"90";"17";"15";"-1";"2021-06-09";"0"
"0";"133";"432";"312";"219";"190";"171";"69";"31";"3";"1";"2021-06-10";"0"
"0";"109";"358";"268";"215";"189";"166";"40";"17";"9";"6";"2021-06-11";"0"
"0";"111";"323";"210";"201";"169";"130";"54";"5";"2";"0";"2021-06-12";"0"
"0";"100";"303";"186";"146";"134";"113";"34";"14";"10";"1";"2021-06-13";"0"
"0";"77";"276";"113";"119";"124";"84";"34";"9";"14";"2";"2021-06-14";"0"
"0";"74";"329";"169";"140";"133";"124";"44";"14";"4";"1";"2021-06-15";"0"
"0";"71";"319";"198";"133";"115";"124";"26";"17";"11";"2";"2021-06-16";"0"
"0";"69";"358";"202";"151";"136";"95";"39";"7";"5";"2";"2021-06-17";"0"
"0";"47";"273";"194";"128";"106";"88";"35";"9";"7";"1";"2021-06-18";"0"
"0";"36";"191";"147";"106";"95";"64";"30";"9";"7";"1";"2021-06-19";"0"
"0";"51";"213";"126";"90";"98";"73";"39";"7";"2";"2";"2021-06-20";"0"
"0";"43";"173";"104";"85";"61";"59";"25";"7";"2";"0";"2021-06-21";"0"
"0";"42";"206";"115";"102";"93";"88";"33";"5";"3";"-1";"2021-06-22";"0"
"1";"24";"170";"146";"103";"93";"82";"18";"5";"7";"3";"2021-06-23";"0"
"0";"44";"201";"162";"97";"78";"70";"35";"7";"5";"1";"2021-06-24";"0"
"0";"36";"138";"164";"107";"96";"67";"25";"8";"0";"0";"2021-06-25";"0"
"0";"25";"147";"137";"78";"68";"62";"29";"4";"3";"-1";"2021-06-26";"0"
"0";"29";"125";"126";"69";"62";"52";"18";"12";"4";"1";"2021-06-27";"0"
"0";"43";"152";"126";"79";"83";"46";"18";"4";"6";"0";"2021-06-28";"0"
"0";"25";"132";"130";"86";"76";"61";"23";"4";"1";"0";"2021-06-29";"0"
"0";"39";"146";"182";"97";"78";"67";"15";"3";"4";"3";"2021-06-30";"0"
"0";"22";"201";"294";"137";"69";"61";"29";"6";"5";"1";"2021-07-01";"0"
"0";"36";"247";"355";"130";"84";"57";"25";"1";"4";"2";"2021-07-02";"0"
"0";"27";"336";"442";"140";"71";"66";"23";"8";"11";"1";"2021-07-03";"0"
"0";"44";"379";"468";"123";"86";"81";"22";"7";"1";"4";"2021-07-04";"0"
"0";"55";"458";"664";"146";"69";"93";"25";"7";"1";"1";"2021-07-05";"0"
"0";"39";"682";"1080";"163";"106";"103";"23";"13";"0";"0";"2021-07-06";"0"
"0";"52";"1010";"1977";"268";"144";"137";"41";"8";"9";"0";"2021-07-07";"0"
"0";"75";"1512";"3045";"416";"163";"162";"40";"13";"4";"1";"2021-07-08";"0"
"0";"73";"1756";"4054";"540";"227";"189";"60";"16";"8";"3";"2021-07-09";"0"
"0";"90";"2688";"5863";"825";"351";"333";"98";"23";"12";"0";"2021-07-10";"0"
"0";"122";"2438";"4984";"803";"401";"417";"103";"32";"15";"3";"2021-07-11";"0"
"0";"170";"2099";"4307";"784";"456";"473";"112";"23";"15";"2";"2021-07-12";"0"
"1";"207";"1937";"3687";"754";"487";"546";"164";"29";"6";"3";"2021-07-13";"0"
"0";"212";"2498";"4821";"1132";"717";"752";"204";"55";"27";"8";"2021-07-14";"0"
"0";"227";"2591";"5152";"1236";"735";"712";"231";"50";"34";"8";"2021-07-15";"0"
"0";"262";"2719";"5118";"1327";"800";"712";"233";"71";"42";"13";"2021-07-16";"0"
"0";"242";"2712";"4667";"1388";"853";"803";"250";"79";"33";"9";"2021-07-17";"0"
"0";"246";"2570";"3973";"1287";"791";"844";"286";"91";"34";"13";"2021-07-18";"0"
"0";"317";"2541";"2858";"1055";"801";"857";"311";"88";"36";"10";"2021-07-19";"0"
"1";"250";"1855";"2117";"838";"643";"615";"240";"91";"39";"10";"2021-07-20";"0"
"0";"267";"1768";"2117";"937";"724";"651";"283";"97";"41";"12";"2021-07-21";"0"
"0";"277";"1595";"1836";"875";"660";"571";"242";"91";"60";"26";"2021-07-22";"0"
"0";"273";"1654";"1812";"955";"692";"555";"280";"96";"62";"16";"2021-07-23";"0"
"0";"225";"1321";"1418";"816";"586";"500";"233";"93";"59";"18";"2021-07-24";"0"
"0";"209";"1250";"1139";"668";"536";"443";"192";"83";"51";"13";"2021-07-25";"0"
"0";"193";"1105";"884";"588";"459";"359";"137";"79";"39";"8";"2021-07-26";"0"
"0";"229";"1061";"976";"590";"446";"351";"172";"69";"52";"11";"2021-07-27";"0"
"0";"169";"832";"883";"536";"373";"310";"182";"79";"69";"22";"2021-07-28";"0"
"0";"231";"1066";"1190";"698";"494";"382";"201";"95";"40";"18";"2021-07-29";"0"
"0";"137";"782";"901";"532";"406";"294";"166";"99";"52";"18";"2021-07-30";"0"
"0";"155";"716";"733";"485";"324";"243";"128";"71";"59";"11";"2021-07-31";"0"
"0";"137";"579";"579";"331";"256";"208";"112";"55";"39";"8";"2021-08-01";"0"
"0";"123";"533";"517";"347";"227";"175";"94";"43";"25";"10";"2021-08-02";"0"
"0";"130";"493";"528";"370";"247";"193";"132";"45";"28";"18";"2021-08-03";"0"
"0";"149";"588";"705";"489";"310";"236";"148";"66";"53";"19";"2021-08-04";"0"
"0";"169";"689";"929";"593";"353";"307";"175";"91";"42";"10";"2021-08-05";"0"
"0";"145";"585";"861";"470";"305";"255";"168";"64";"42";"12";"2021-08-06";"0"
"0";"101";"465";"720";"409";"249";"194";"144";"64";"35";"11";"2021-08-07";"0"
"1";"120";"475";"655";"372";"250";"207";"105";"48";"49";"10";"2021-08-08";"0"
"0";"112";"419";"580";"298";"253";"193";"88";"42";"37";"4";"2021-08-09";"0"
"0";"119";"433";"623";"324";"242";"217";"123";"50";"26";"4";"2021-08-10";"0"
"1";"116";"422";"500";"337";"243";"221";"120";"78";"52";"22";"2021-08-11";"0"
"0";"133";"471";"816";"399";"287";"217";"132";"65";"33";"10";"2021-08-12";"0"
"1";"145";"494";"836";"412";"249";"261";"137";"67";"53";"22";"2021-08-13";"0"
"0";"112";"438";"664";"352";"250";"228";"140";"71";"37";"11";"2021-08-14";"0"
"0";"123";"461";"631";"343";"251";"215";"147";"52";"24";"6";"2021-08-15";"0"
"0";"142";"438";"585";"354";"240";"248";"136";"58";"22";"5";"2021-08-16";"0"
"0";"131";"479";"644";"343";"269";"224";"112";"63";"34";"7";"2021-08-17";"0"
"0";"161";"550";"770";"459";"302";"259";"150";"56";"47";"23";"2021-08-18";"0"
"1";"127";"480";"627";"402";"327";"248";"138";"59";"55";"24";"2021-08-19";"0"
"0";"139";"408";"598";"368";"257";"207";"113";"66";"41";"12";"2021-08-20";"0"
"0";"137";"480";"609";"417";"300";"241";"130";"52";"33";"9";"2021-08-21";"0"
"1";"163";"482";"648";"411";"285";"229";"129";"51";"43";"11";"2021-08-22";"0"
"0";"188";"481";"574";"393";"287";"231";"140";"65";"29";"2";"2021-08-23";"0"
"0";"198";"507";"527";"398";"326";"238";"121";"68";"41";"13";"2021-08-24";"0"
"0";"213";"529";"640";"488";"363";"300";"151";"85";"45";"14";"2021-08-25";"0"
"0";"215";"492";"603";"468";"321";"251";"139";"59";"31";"15";"2021-08-26";"0"
"0";"200";"503";"712";"467";"358";"259";"178";"79";"49";"10";"2021-08-27";"0"
"0";"196";"505";"570";"391";"299";"212";"143";"76";"48";"10";"2021-08-28";"0"
"0";"202";"426";"522";"400";"282";"200";"138";"73";"38";"8";"2021-08-29";"0"
"0";"217";"463";"428";"370";"284";"200";"106";"59";"33";"11";"2021-08-30";"0"
"1";"274";"449";"432";"391";"296";"220";"141";"66";"36";"6";"2021-08-31";"0"
"0";"326";"568";"587";"447";"338";"286";"147";"78";"39";"11";"2021-09-01";"0"
"0";"330";"541";"543";"454";"358";"250";"167";"84";"44";"2";"2021-09-02";"0"
"0";"281";"538";"516";"405";"321";"226";"152";"65";"29";"7";"2021-09-03";"0"
"1";"255";"482";"542";"436";"361";"283";"179";"92";"48";"12";"2021-09-04";"0"
"0";"325";"483";"432";"401";"262";"194";"136";"69";"37";"8";"2021-09-05";"0"
"0";"342";"442";"330";"371";"266";"162";"104";"60";"29";"9";"2021-09-06";"0"
"0";"369";"541";"411";"391";"300";"217";"131";"64";"27";"5";"2021-09-07";"0"
"0";"400";"586";"457";"436";"361";"259";"158";"68";"42";"14";"2021-09-08";"0"
"0";"381";"474";"400";"367";"296";"202";"133";"57";"44";"8";"2021-09-09";"0"
"0";"357";"536";"487";"435";"343";"228";"155";"83";"55";"8";"2021-09-10";"0"
"0";"289";"434";"417";"340";"243";"207";"129";"76";"47";"16";"2021-09-11";"0"
"0";"294";"423";"344";"340";"278";"179";"112";"72";"33";"7";"2021-09-12";"0"
"0";"258";"383";"272";"259";"234";"156";"104";"48";"23";"2";"2021-09-13";"0"
"0";"306";"408";"353";"314";"253";"174";"113";"59";"24";"5";"2021-09-14";"0"
"0";"321";"476";"368";"377";"338";"222";"140";"68";"33";"11";"2021-09-15";"0"
"1";"334";"405";"333";"324";"250";"192";"145";"78";"26";"10";"2021-09-16";"0"
"1";"297";"405";"388";"366";"282";"174";"112";"78";"26";"9";"2021-09-17";"0"
"0";"228";"434";"343";"323";"277";"196";"102";"60";"28";"9";"2021-09-18";"0"
"0";"244";"316";"241";"252";"229";"189";"95";"58";"33";"6";"2021-09-19";"0"
"1";"207";"279";"197";"212";"147";"150";"82";"31";"21";"-1";"2021-09-20";"0"
"0";"218";"365";"254";"272";"237";"163";"80";"47";"21";"7";"2021-09-21";"0"
"0";"216";"402";"288";"317";"267";"186";"111";"64";"38";"11";"2021-09-22";"0"
"0";"214";"334";"296";"319";"251";"180";"128";"65";"27";"9";"2021-09-23";"0"
"0";"173";"316";"292";"292";"247";"156";"95";"57";"46";"7";"2021-09-24";"0"
"0";"160";"314";"244";"263";"222";"173";"112";"61";"34";"9";"2021-09-25";"0"
"0";"203";"300";"274";"231";"227";"153";"106";"60";"34";"9";"2021-09-26";"0"
"1";"152";"286";"230";"195";"179";"132";"112";"65";"29";"6";"2021-09-27";"0"
"0";"201";"334";"251";"293";"232";"180";"113";"67";"29";"7";"2021-09-28";"0"
"0";"173";"359";"295";"259";"241";"188";"132";"63";"38";"7";"2021-09-29";"0"
"0";"164";"284";"305";"294";"251";"180";"122";"67";"28";"8";"2021-09-30";"0"
"1";"161";"313";"287";"299";"208";"174";"150";"66";"42";"12";"2021-10-01";"0"
"0";"135";"269";"294";"291";"220";"198";"131";"66";"44";"10";"2021-10-02";"0"
"0";"136";"277";"275";"260";"239";"181";"120";"72";"34";"9";"2021-10-03";"0"
"0";"164";"280";"248";"277";"228";"196";"133";"64";"32";"2";"2021-10-04";"0"
"0";"201";"360";"302";"321";"249";"190";"139";"75";"35";"10";"2021-10-05";"0"
"1";"225";"339";"283";"311";"272";"208";"126";"85";"34";"11";"2021-10-06";"0"
"0";"286";"499";"439";"433";"364";"301";"214";"127";"60";"23";"2021-10-07";"0"
"0";"221";"475";"488";"443";"394";"297";"227";"130";"71";"15";"2021-10-08";"0"
"0";"206";"446";"423";"377";"364";"280";"192";"120";"75";"18";"2021-10-09";"0"
"0";"200";"402";"377";"313";"333";"272";"207";"92";"54";"8";"2021-10-10";"0"
"0";"273";"489";"410";"394";"385";"325";"219";"155";"52";"9";"2021-10-11";"0"
"0";"303";"556";"408";"434";"407";"348";"204";"154";"56";"17";"2021-10-12";"0"
"0";"371";"615";"634";"569";"471";"434";"292";"206";"99";"25";"2021-10-13";"0"
"0";"310";"666";"661";"525";"463";"390";"307";"187";"89";"25";"2021-10-14";"0"
"1";"310";"642";"661";"583";"490";"443";"280";"186";"89";"24";"2021-10-15";"0"
"1";"281";"583";"649";"563";"508";"428";"315";"239";"107";"28";"2021-10-16";"0"
"0";"349";"614";"603";"524";"488";"405";"335";"218";"116";"20";"2021-10-17";"0"
"0";"333";"566";"498";"505";"452";"383";"296";"208";"99";"14";"2021-10-18";"0"
"0";"358";"614";"630";"574";"455";"519";"318";"257";"129";"41";"2021-10-19";"0"
"0";"388";"693";"721";"670";"607";"584";"418";"288";"159";"46";"2021-10-20";"0"
"0";"447";"780";"847";"758";"685";"615";"511";"335";"178";"39";"2021-10-21";"0"
"0";"473";"802";"986";"928";"822";"741";"475";"390";"201";"50";"2021-10-22";"0"
"1";"372";"758";"962";"917";"755";"706";"558";"384";"205";"58";"2021-10-23";"0"
"0";"464";"854";"1000";"971";"922";"780";"633";"423";"194";"49";"2021-10-24";"0"
"0";"416";"743";"798";"810";"779";"653";"545";"341";"166";"45";"2021-10-25";"0"
"0";"487";"721";"784";"957";"816";"691";"617";"450";"182";"42";"2021-10-26";"0"
"0";"551";"977";"1146";"1142";"992";"896";"683";"548";"258";"67";"2021-10-27";"0"
"0";"558";"978";"1126";"1250";"1139";"917";"731";"575";"312";"97";"2021-10-28";"0"
"1";"505";"826";"1195";"1201";"1017";"928";"776";"554";"294";"92";"2021-10-29";"0"
"0";"541";"951";"1313";"1231";"1073";"1028";"844";"573";"323";"65";"2021-10-30";"0"
"0";"601";"962";"1270";"1204";"1035";"1135";"904";"663";"322";"76";"2021-10-31";"0"
"0";"595";"935";"1081";"1162";"1081";"1076";"844";"555";"284";"81";"2021-11-01";"0"
"0";"563";"1029";"1071";"1159";"1048";"1097";"856";"564";"263";"77";"2021-11-02";"0"
"0";"731";"1254";"1299";"1377";"1200";"1225";"992";"636";"320";"75";"2021-11-03";"0"
"0";"768";"1372";"1512";"1484";"1412";"1386";"1056";"749";"377";"98";"2021-11-04";"0"
"0";"756";"1455";"1741";"1668";"1483";"1467";"1098";"780";"360";"103";"2021-11-05";"0"
"0";"849";"1509";"1854";"1901";"1644";"1575";"1252";"852";"408";"110";"2021-11-06";"0"
"0";"902";"1588";"1653";"1734";"1512";"1445";"1164";"835";"417";"99";"2021-11-07";"0"
"0";"1039";"1657";"1729";"1730";"1564";"1546";"1279";"817";"344";"99";"2021-11-08";"0"
"1";"1076";"1493";"1546";"1674";"1520";"1488";"1213";"793";"389";"89";"2021-11-09";"0"
"0";"1273";"1942";"1886";"1917";"1720";"1528";"1118";"717";"415";"132";"2021-11-10";"0"
"0";"1633";"2616";"2441";"2388";"2147";"1888";"1538";"1039";"481";"116";"2021-11-11";"0"
"1";"1468";"2469";"2291";"2501";"2173";"2037";"1580";"1053";"512";"119";"2021-11-12";"0"
