date;infected;seroprevlence;Pfizer - vaccinated;Pfizer;Moderna - vaccinated;moderna;AstraZenica - vaccinated;Azenica;CureVac-vaccinated;CureVac;Janssen - vaccinated;Janssen;total.vaccinated;total.pop;a60p;a70p;a80p;a90p
2020-12-27;750000;1700000;0;0;0;;0;;0;;0;;0;17461543;10476926;12223080;13969234;15715389
2020-12-28;750000;1700000;21816;43631;0;;0;;0;;0;;21816;17461543;10476926;12223080;13969234;15715389
2020-12-29;750000;1700000;43631;87263;0;;0;;0;;0;;43631;17461543;10476926;12223080;13969234;15715389
2020-12-30;750000;1700000;65447;130894;0;;0;;0;;0;;65447;17461543;10476926;12223080;13969234;15715389
2020-12-31;750000;1700000;87263;174525;0;;0;;0;;0;;87263;17461543;10476926;12223080;13969234;15715389
2021-01-01;750000;1700000;97893;195786;2222;4444;25000;50000;3333;6667;0;;128449;17461543;10476926;12223080;13969234;15715389
2021-01-02;750000;1700000;108524;217048;4444;8889;50000;100000;6667;13333;0;;169635;17461543;10476926;12223080;13969234;15715389
2021-01-03;750000;1700000;119154;238309;6667;13333;75000;150000;10000;20000;0;;210821;17461543;10476926;12223080;13969234;15715389
2021-01-04;750000;1700000;129785;259570;8889;17778;100000;200000;13333;26667;0;;252007;17461543;10476926;12223080;13969234;15715389
2021-01-05;750000;1700000;140416;280831;11111;22222;125000;250000;16667;33333;0;;293194;17461543;10476926;12223080;13969234;15715389
2021-01-06;750000;1700000;151046;302093;13333;26667;150000;300000;20000;40000;0;;334380;17461543;10476926;12223080;13969234;15715389
2021-01-07;750000;1700000;161677;323354;15556;31111;175000;350000;23333;46667;0;;375566;17461543;10476926;12223080;13969234;15715389
2021-01-08;750000;1700000;172308;344615;17778;35556;200000;400000;26667;53333;0;;416752;17461543;10476926;12223080;13969234;15715389
2021-01-09;750000;1700000;182938;365877;20000;40000;225000;450000;30000;60000;0;;457938;17461543;10476926;12223080;13969234;15715389
2021-01-10;750000;1700000;193569;387138;22222;44444;250000;500000;33333;66667;0;;499125;17461543;10476926;12223080;13969234;15715389
2021-01-11;750000;1700000;204200;408399;24444;48889;275000;550000;36667;73333;0;;540311;17461543;10476926;12223080;13969234;15715389
2021-01-12;750000;1700000;214830;429660;26667;53333;300000;600000;40000;80000;0;;581497;17461543;10476926;12223080;13969234;15715389
2021-01-13;750000;1700000;225461;450922;28889;57778;325000;650000;43333;86667;0;;622683;17461543;10476926;12223080;13969234;15715389
2021-01-14;750000;1700000;236092;472183;31111;62222;350000;700000;46667;93333;0;;663869;17461543;10476926;12223080;13969234;15715389
2021-01-15;750000;1700000;246722;493444;33333;66667;375000;750000;50000;100000;0;;705056;17461543;10476926;12223080;13969234;15715389
2021-01-16;750000;1700000;257353;514706;35556;71111;400000;800000;53333;106667;0;;746242;17461543;10476926;12223080;13969234;15715389
2021-01-17;750000;1700000;267983;535967;37778;75556;425000;850000;56667;113333;0;;787428;17461543;10476926;12223080;13969234;15715389
2021-01-18;750000;1700000;278614;557228;40000;80000;450000;900000;60000;120000;0;;828614;17461543;10476926;12223080;13969234;15715389
2021-01-19;750000;1700000;289245;578490;42222;84444;475000;950000;63333;126667;0;;869800;17461543;10476926;12223080;13969234;15715389
2021-01-20;750000;1700000;299875;599751;44444;88889;500000;1000000;66667;133333;0;;910987;17461543;10476926;12223080;13969234;15715389
2021-01-21;750000;1700000;310506;621012;46667;93333;525000;1050000;70000;140000;0;;952173;17461543;10476926;12223080;13969234;15715389
2021-01-22;750000;1700000;321137;642273;48889;97778;550000;1100000;73333;146667;0;;993359;17461543;10476926;12223080;13969234;15715389
2021-01-23;750000;1700000;331767;663535;51111;102222;575000;1150000;76667;153333;0;;1034545;17461543;10476926;12223080;13969234;15715389
2021-01-24;750000;1700000;342398;684796;53333;106667;600000;1200000;80000;160000;0;;1075731;17461543;10476926;12223080;13969234;15715389
2021-01-25;750000;1700000;353029;706057;55556;111111;625000;1250000;83333;166667;0;;1116918;17461543;10476926;12223080;13969234;15715389
2021-01-26;750000;1700000;363659;727319;57778;115556;650000;1300000;86667;173333;0;;1158104;17461543;10476926;12223080;13969234;15715389
2021-01-27;750000;1700000;374290;748580;60000;120000;675000;1350000;90000;180000;0;;1199290;17461543;10476926;12223080;13969234;15715389
2021-01-28;750000;1700000;384921;769841;62222;124444;700000;1400000;93333;186667;0;;1240476;17461543;10476926;12223080;13969234;15715389
2021-01-29;750000;1700000;395551;791102;64444;128889;725000;1450000;96667;193333;0;;1281662;17461543;10476926;12223080;13969234;15715389
2021-01-30;750000;1700000;406182;812364;66667;133333;750000;1500000;100000;200000;0;;1322849;17461543;10476926;12223080;13969234;15715389
2021-01-31;750000;1700000;416813;833625;68889;137778;775000;1550000;103333;206667;0;;1364035;17461543;10476926;12223080;13969234;15715389
2021-02-01;750000;1700000;428843;857687;71111;142222;800000;1600000;106667;213333;0;;1406621;17461543;10476926;12223080;13969234;15715389
2021-02-02;750000;1700000;440874;881748;73333;146667;825000;1650000;110000;220000;0;;1449207;17461543;10476926;12223080;13969234;15715389
2021-02-03;750000;1700000;452905;905810;75556;151111;850000;1700000;113333;226667;0;;1491794;17461543;10476926;12223080;13969234;15715389
2021-02-04;750000;1700000;464936;929871;77778;155556;875000;1750000;116667;233333;0;;1534380;17461543;10476926;12223080;13969234;15715389
2021-02-05;750000;1700000;476967;953933;80000;160000;900000;1800000;120000;240000;0;;1576967;17461543;10476926;12223080;13969234;15715389
2021-02-06;750000;1700000;488997;977995;82222;164444;925000;1850000;123333;246667;0;;1619553;17461543;10476926;12223080;13969234;15715389
2021-02-07;750000;1700000;501028;1002056;84444;168889;950000;1900000;126667;253333;0;;1662139;17461543;10476926;12223080;13969234;15715389
2021-02-08;750000;1700000;513059;1026118;86667;173333;975000;1950000;130000;260000;0;;1704726;17461543;10476926;12223080;13969234;15715389
2021-02-09;750000;1700000;525090;1050179;88889;177778;1000000;2000000;133333;266667;0;;1747312;17461543;10476926;12223080;13969234;15715389
2021-02-10;750000;1700000;537121;1074241;91111;182222;1025000;2050000;136667;273333;0;;1789898;17461543;10476926;12223080;13969234;15715389
2021-02-11;750000;1700000;549151;1098303;93333;186667;1050000;2100000;140000;280000;0;;1832485;17461543;10476926;12223080;13969234;15715389
2021-02-12;750000;1700000;561182;1122364;95556;191111;1075000;2150000;143333;286667;0;;1875071;17461543;10476926;12223080;13969234;15715389
2021-02-13;750000;1700000;573213;1146426;97778;195556;1100000;2200000;146667;293333;0;;1917657;17461543;10476926;12223080;13969234;15715389
2021-02-14;750000;1700000;585244;1170488;100000;200000;1125000;2250000;150000;300000;0;;1960244;17461543;10476926;12223080;13969234;15715389
2021-02-15;750000;1700000;597275;1194549;102222;204444;1150000;2300000;153333;306667;0;;2002830;17461543;10476926;12223080;13969234;15715389
2021-02-16;750000;1700000;609305;1218611;104444;208889;1175000;2350000;156667;313333;0;;2045416;17461543;10476926;12223080;13969234;15715389
2021-02-17;750000;1700000;621336;1242672;106667;213333;1200000;2400000;160000;320000;0;;2088003;17461543;10476926;12223080;13969234;15715389
2021-02-18;750000;1700000;633367;1266734;108889;217778;1225000;2450000;163333;326667;0;;2130589;17461543;10476926;12223080;13969234;15715389
2021-02-19;750000;1700000;645398;1290796;111111;222222;1250000;2500000;166667;333333;0;;2173176;17461543;10476926;12223080;13969234;15715389
2021-02-20;750000;1700000;657429;1314857;113333;226667;1275000;2550000;170000;340000;0;;2215762;17461543;10476926;12223080;13969234;15715389
2021-02-21;750000;1700000;669459;1338919;115556;231111;1300000;2600000;173333;346667;0;;2258348;17461543;10476926;12223080;13969234;15715389
2021-02-22;750000;1700000;681490;1362980;117778;235556;1325000;2650000;176667;353333;0;;2300935;17461543;10476926;12223080;13969234;15715389
2021-02-23;750000;1700000;693521;1387042;120000;240000;1350000;2700000;180000;360000;0;;2343521;17461543;10476926;12223080;13969234;15715389
2021-02-24;750000;1700000;705552;1411104;122222;244444;1375000;2750000;183333;366667;0;;2386107;17461543;10476926;12223080;13969234;15715389
2021-02-25;750000;1700000;717583;1435165;124444;248889;1400000;2800000;186667;373333;0;;2428694;17461543;10476926;12223080;13969234;15715389
2021-02-26;750000;1700000;729613;1459227;126667;253333;1425000;2850000;190000;380000;0;;2471280;17461543;10476926;12223080;13969234;15715389
2021-02-27;750000;1700000;741644;1483288;128889;257778;1450000;2900000;193333;386667;0;;2513866;17461543;10476926;12223080;13969234;15715389
2021-02-28;750000;1700000;753675;1507350;131111;262222;1475000;2950000;196667;393333;0;;2556453;17461543;10476926;12223080;13969234;15715389
2021-03-01;750000;1700000;769715;1539431;133333;266667;1500000;3000000;200000;400000;0;;2603049;17461543;10476926;12223080;13969234;15715389
2021-03-02;750000;1700000;785756;1571511;135556;271111;1525000;3050000;203333;406667;0;;2649645;17461543;10476926;12223080;13969234;15715389
2021-03-03;750000;1700000;801796;1603592;137778;275556;1550000;3100000;206667;413333;0;;2696240;17461543;10476926;12223080;13969234;15715389
2021-03-04;750000;1700000;817836;1635673;140000;280000;1575000;3150000;210000;420000;0;;2742836;17461543;10476926;12223080;13969234;15715389
2021-03-05;750000;1700000;833877;1667753;142222;284444;1600000;3200000;213333;426667;0;;2789432;17461543;10476926;12223080;13969234;15715389
2021-03-06;750000;1700000;849917;1699834;144444;288889;1625000;3250000;216667;433333;0;;2836028;17461543;10476926;12223080;13969234;15715389
2021-03-07;750000;1700000;865957;1731915;146667;293333;1650000;3300000;220000;440000;0;;2882624;17461543;10476926;12223080;13969234;15715389
2021-03-08;750000;1700000;881998;1763995;148889;297778;1675000;3350000;223333;446667;0;;2929220;17461543;10476926;12223080;13969234;15715389
2021-03-09;750000;1700000;898038;1796076;151111;302222;1700000;3400000;226667;453333;0;;2975816;17461543;10476926;12223080;13969234;15715389
2021-03-10;750000;1700000;914078;1828156;153333;306667;1725000;3450000;230000;460000;0;;3022412;17461543;10476926;12223080;13969234;15715389
2021-03-11;750000;1700000;930119;1860237;155556;311111;1750000;3500000;233333;466667;0;;3069007;17461543;10476926;12223080;13969234;15715389
2021-03-12;750000;1700000;946159;1892318;157778;315556;1775000;3550000;236667;473333;0;;3115603;17461543;10476926;12223080;13969234;15715389
2021-03-13;750000;1700000;962199;1924398;160000;320000;1800000;3600000;240000;480000;0;;3162199;17461543;10476926;12223080;13969234;15715389
2021-03-14;750000;1700000;978240;1956479;162222;324444;1825000;3650000;243333;486667;0;;3208795;17461543;10476926;12223080;13969234;15715389
2021-03-15;750000;1700000;994280;1988560;164444;328889;1850000;3700000;246667;493333;0;;3255391;17461543;10476926;12223080;13969234;15715389
2021-03-16;750000;1700000;1010320;2020640;166667;333333;1875000;3750000;250000;500000;0;;3301987;17461543;10476926;12223080;13969234;15715389
2021-03-17;750000;1700000;1026360;2052721;168889;337778;1900000;3800000;253333;506667;0;;3348583;17461543;10476926;12223080;13969234;15715389
2021-03-18;750000;1700000;1042401;2084802;171111;342222;1925000;3850000;256667;513333;0;;3395179;17461543;10476926;12223080;13969234;15715389
2021-03-19;750000;1700000;1058441;2116882;173333;346667;1950000;3900000;260000;520000;0;;3441774;17461543;10476926;12223080;13969234;15715389
2021-03-20;750000;1700000;1074481;2148963;175556;351111;1975000;3950000;263333;526667;0;;3488370;17461543;10476926;12223080;13969234;15715389
2021-03-21;750000;1700000;1090522;2181044;177778;355556;2000000;4000000;266667;533333;0;;3534966;17461543;10476926;12223080;13969234;15715389
2021-03-22;750000;1700000;1106562;2213124;180000;360000;2025000;4050000;270000;540000;0;;3581562;17461543;10476926;12223080;13969234;15715389
2021-03-23;750000;1700000;1122602;2245205;182222;364444;2050000;4100000;273333;546667;0;;3628158;17461543;10476926;12223080;13969234;15715389
2021-03-24;750000;1700000;1138643;2277285;184444;368889;2075000;4150000;276667;553333;0;;3674754;17461543;10476926;12223080;13969234;15715389
2021-03-25;750000;1700000;1154683;2309366;186667;373333;2100000;4200000;280000;560000;0;;3721350;17461543;10476926;12223080;13969234;15715389
2021-03-26;750000;1700000;1170723;2341447;188889;377778;2125000;4250000;283333;566667;0;;3767946;17461543;10476926;12223080;13969234;15715389
2021-03-27;750000;1700000;1186764;2373527;191111;382222;2150000;4300000;286667;573333;0;;3814541;17461543;10476926;12223080;13969234;15715389
2021-03-28;750000;1700000;1202804;2405608;193333;386667;2175000;4350000;290000;580000;0;;3861137;17461543;10476926;12223080;13969234;15715389
2021-03-29;750000;1700000;1218844;2437689;195556;391111;2200000;4400000;293333;586667;0;;3907733;17461543;10476926;12223080;13969234;15715389
2021-03-30;750000;1700000;1234885;2469769;197778;395556;2225000;4450000;296667;593333;0;;3954329;17461543;10476926;12223080;13969234;15715389
2021-03-31;750000;1700000;1250925;2501850;200000;400000;2250000;4500000;300000;600000;0;;4000925;17461543;10476926;12223080;13969234;15715389
2021-04-01;750000;1700000;1266310;2532619;207473;414945;2278571;4557143;308791;617582;16484;32967;4094112;17461543;10476926;12223080;13969234;15715389
2021-04-02;750000;1700000;1281694;2563388;214945;429890;2307143;4614286;317582;635165;32967;65934;4187299;17461543;10476926;12223080;13969234;15715389
2021-04-03;750000;1700000;1297079;2594158;222418;444835;2335714;4671429;326374;652747;49451;98901;4280485;17461543;10476926;12223080;13969234;15715389
2021-04-04;750000;1700000;1312463;2624927;229890;459780;2364286;4728571;335165;670330;65934;131868;4373672;17461543;10476926;12223080;13969234;15715389
2021-04-05;750000;1700000;1327848;2655696;237363;474725;2392857;4785714;343956;687912;82418;164835;4466859;17461543;10476926;12223080;13969234;15715389
2021-04-06;750000;1700000;1343233;2686465;244835;489670;2421429;4842857;352747;705495;98901;197802;4560046;17461543;10476926;12223080;13969234;15715389
2021-04-07;750000;1700000;1358617;2717235;252308;504615;2450000;4900000;361538;723077;115385;230769;4653233;17461543;10476926;12223080;13969234;15715389
2021-04-08;750000;1700000;1374002;2748004;259780;519560;2478571;4957143;370330;740659;131868;263736;4746420;17461543;10476926;12223080;13969234;15715389
2021-04-09;750000;1700000;1389387;2778773;267253;534505;2507143;5014286;379121;758242;148352;296703;4839606;17461543;10476926;12223080;13969234;15715389
2021-04-10;750000;1700000;1404771;2809542;274725;549451;2535714;5071429;387912;775824;164835;329670;4932793;17461543;10476926;12223080;13969234;15715389
2021-04-11;750000;1700000;1420156;2840312;282198;564396;2564286;5128571;396703;793407;181319;362637;5025980;17461543;10476926;12223080;13969234;15715389
2021-04-12;750000;1700000;1435540;2871081;289670;579341;2592857;5185714;405495;810989;197802;395604;5119167;17461543;10476926;12223080;13969234;15715389
2021-04-13;750000;1700000;1450925;2901850;297143;594286;2621429;5242857;414286;828571;214286;428571;5212354;17461543;10476926;12223080;13969234;15715389
2021-04-14;750000;1700000;1466310;2932619;304615;609231;2650000;5300000;423077;846154;230769;461538;5305540;17461543;10476926;12223080;13969234;15715389
2021-04-15;750000;1700000;1481694;2963388;312088;624176;2678571;5357143;431868;863736;247253;494505;5398727;17461543;10476926;12223080;13969234;15715389
2021-04-16;750000;1700000;1497079;2994158;319560;639121;2707143;5414286;440659;881319;263736;527473;5491914;17461543;10476926;12223080;13969234;15715389
2021-04-17;750000;1700000;1512463;3024927;327033;654066;2735714;5471429;449451;898901;280220;560440;5585101;17461543;10476926;12223080;13969234;15715389
2021-04-18;750000;1700000;1527848;3055696;334505;669011;2764286;5528571;458242;916484;296703;593407;5678288;17461543;10476926;12223080;13969234;15715389
2021-04-19;750000;1700000;1543233;3086465;341978;683956;2792857;5585714;467033;934066;313187;626374;5771474;17461543;10476926;12223080;13969234;15715389
2021-04-20;750000;1700000;1558617;3117235;349451;698901;2821429;5642857;475824;951648;329670;659341;5864661;17461543;10476926;12223080;13969234;15715389
2021-04-21;750000;1700000;1574002;3148004;356923;713846;2850000;5700000;484615;969231;346154;692308;5957848;17461543;10476926;12223080;13969234;15715389
2021-04-22;750000;1700000;1589387;3178773;364396;728791;2878571;5757143;493407;986813;362637;725275;6051035;17461543;10476926;12223080;13969234;15715389
2021-04-23;750000;1700000;1604771;3209542;371868;743736;2907143;5814286;502198;1004396;379121;758242;6144222;17461543;10476926;12223080;13969234;15715389
2021-04-24;750000;1700000;1620156;3240312;379341;758681;2935714;5871429;510989;1021978;395604;791209;6237409;17461543;10476926;12223080;13969234;15715389
2021-04-25;750000;1700000;1635540;3271081;386813;773626;2964286;5928571;519780;1039560;412088;824176;6330595;17461543;10476926;12223080;13969234;15715389
2021-04-26;750000;1700000;1650925;3301850;394286;788571;2992857;5985714;528571;1057143;428571;857143;6423782;17461543;10476926;12223080;13969234;15715389
2021-04-27;750000;1700000;1666310;3332619;401758;803516;3021429;6042857;537363;1074725;445055;890110;6516969;17461543;10476926;12223080;13969234;15715389
2021-04-28;750000;1700000;1681694;3363388;409231;818462;3050000;6100000;546154;1092308;461538;923077;6610156;17461543;10476926;12223080;13969234;15715389
2021-04-29;750000;1700000;1697079;3394158;416703;833407;3078571;6157143;554945;1109890;478022;956044;6703343;17461543;10476926;12223080;13969234;15715389
2021-04-30;750000;1700000;1712463;3424927;424176;848352;3107143;6214286;563736;1127473;494505;989011;6796529;17461543;10476926;12223080;13969234;15715389
2021-05-01;750000;1700000;1727848;3455696;431648;863297;3135714;6271429;572527;1145055;510989;1021978;6889716;17461543;10476926;12223080;13969234;15715389
2021-05-02;750000;1700000;1743233;3486465;439121;878242;3164286;6328571;581319;1162637;527473;1054945;6982903;17461543;10476926;12223080;13969234;15715389
2021-05-03;750000;1700000;1758617;3517235;446593;893187;3192857;6385714;590110;1180220;543956;1087912;7076090;17461543;10476926;12223080;13969234;15715389
2021-05-04;750000;1700000;1774002;3548004;454066;908132;3221429;6442857;598901;1197802;560440;1120879;7169277;17461543;10476926;12223080;13969234;15715389
2021-05-05;750000;1700000;1789387;3578773;461538;923077;3250000;6500000;607692;1215385;576923;1153846;7262463;17461543;10476926;12223080;13969234;15715389
2021-05-06;750000;1700000;1804771;3609542;469011;938022;3278571;6557143;616484;1232967;593407;1186813;7355650;17461543;10476926;12223080;13969234;15715389
2021-05-07;750000;1700000;1820156;3640312;476484;952967;3307143;6614286;625275;1250549;609890;1219780;7448837;17461543;10476926;12223080;13969234;15715389
2021-05-08;750000;1700000;1835540;3671081;483956;967912;3335714;6671429;634066;1268132;626374;1252747;7542024;17461543;10476926;12223080;13969234;15715389
2021-05-09;750000;1700000;1850925;3701850;491429;982857;3364286;6728571;642857;1285714;642857;1285714;7635211;17461543;10476926;12223080;13969234;15715389
2021-05-10;750000;1700000;1866310;3732619;498901;997802;3392857;6785714;651648;1303297;659341;1318681;7728398;17461543;10476926;12223080;13969234;15715389
2021-05-11;750000;1700000;1881694;3763388;506374;1012747;3421429;6842857;660440;1320879;675824;1351648;7821584;17461543;10476926;12223080;13969234;15715389
2021-05-12;750000;1700000;1897079;3794158;513846;1027692;3450000;6900000;669231;1338462;692308;1384615;7914771;17461543;10476926;12223080;13969234;15715389
2021-05-13;750000;1700000;1912463;3824927;521319;1042637;3478571;6957143;678022;1356044;708791;1417582;8007958;17461543;10476926;12223080;13969234;15715389
2021-05-14;750000;1700000;1927848;3855696;528791;1057582;3507143;7014286;686813;1373626;725275;1450549;8101145;17461543;10476926;12223080;13969234;15715389
2021-05-15;750000;1700000;1943233;3886465;536264;1072527;3535714;7071429;695604;1391209;741758;1483516;8194332;17461543;10476926;12223080;13969234;15715389
2021-05-16;750000;1700000;1958617;3917235;543736;1087473;3564286;7128571;704396;1408791;758242;1516484;8287518;17461543;10476926;12223080;13969234;15715389
2021-05-17;750000;1700000;1974002;3948004;551209;1102418;3592857;7185714;713187;1426374;774725;1549451;8380705;17461543;10476926;12223080;13969234;15715389
2021-05-18;750000;1700000;1989387;3978773;558681;1117363;3621429;7242857;721978;1443956;791209;1582418;8473892;17461543;10476926;12223080;13969234;15715389
2021-05-19;750000;1700000;2004771;4009542;566154;1132308;3650000;7300000;730769;1461538;807692;1615385;8567079;17461543;10476926;12223080;13969234;15715389
2021-05-20;750000;1700000;2020156;4040312;573626;1147253;3678571;7357143;739560;1479121;824176;1648352;8660266;17461543;10476926;12223080;13969234;15715389
2021-05-21;750000;1700000;2035540;4071081;581099;1162198;3707143;7414286;748352;1496703;840659;1681319;8753452;17461543;10476926;12223080;13969234;15715389
2021-05-22;750000;1700000;2050925;4101850;588571;1177143;3735714;7471429;757143;1514286;857143;1714286;8846639;17461543;10476926;12223080;13969234;15715389
2021-05-23;750000;1700000;2066310;4132619;596044;1192088;3764286;7528571;765934;1531868;873626;1747253;8939826;17461543;10476926;12223080;13969234;15715389
2021-05-24;750000;1700000;2081694;4163388;603516;1207033;3792857;7585714;774725;1549451;890110;1780220;9033013;17461543;10476926;12223080;13969234;15715389
2021-05-25;750000;1700000;2097079;4194158;610989;1221978;3821429;7642857;783516;1567033;906593;1813187;9126200;17461543;10476926;12223080;13969234;15715389
2021-05-26;750000;1700000;2112463;4224927;618462;1236923;3850000;7700000;792308;1584615;923077;1846154;9219387;17461543;10476926;12223080;13969234;15715389
2021-05-27;750000;1700000;2127848;4255696;625934;1251868;3878571;7757143;801099;1602198;939560;1879121;9312573;17461543;10476926;12223080;13969234;15715389
2021-05-28;750000;1700000;2143233;4286465;633407;1266813;3907143;7814286;809890;1619780;956044;1912088;9405760;17461543;10476926;12223080;13969234;15715389
2021-05-29;750000;1700000;2158617;4317235;640879;1281758;3935714;7871429;818681;1637363;972527;1945055;9498947;17461543;10476926;12223080;13969234;15715389
2021-05-30;750000;1700000;2174002;4348004;648352;1296703;3964286;7928571;827473;1654945;989011;1978022;9592134;17461543;10476926;12223080;13969234;15715389
2021-05-31;750000;1700000;2189387;4378773;655824;1311648;3992857;7985714;836264;1672527;1005495;2010989;9685321;17461543;10476926;12223080;13969234;15715389
2021-06-01;750000;1700000;2204771;4409542;663297;1326593;4021429;8042857;845055;1690110;1021978;2043956;9778507;17461543;10476926;12223080;13969234;15715389
2021-06-02;750000;1700000;2220156;4440312;670769;1341538;4050000;8100000;853846;1707692;1038462;2076923;9871694;17461543;10476926;12223080;13969234;15715389
2021-06-03;750000;1700000;2235540;4471081;678242;1356484;4078571;8157143;862637;1725275;1054945;2109890;9964881;17461543;10476926;12223080;13969234;15715389
2021-06-04;750000;1700000;2250925;4501850;685714;1371429;4107143;8214286;871429;1742857;1071429;2142857;10058068;17461543;10476926;12223080;13969234;15715389
2021-06-05;750000;1700000;2266310;4532619;693187;1386374;4135714;8271429;880220;1760440;1087912;2175824;10151255;17461543;10476926;12223080;13969234;15715389
2021-06-06;750000;1700000;2281694;4563388;700659;1401319;4164286;8328571;889011;1778022;1104396;2208791;10244441;17461543;10476926;12223080;13969234;15715389
2021-06-07;750000;1700000;2297079;4594158;708132;1416264;4192857;8385714;897802;1795604;1120879;2241758;10337628;17461543;10476926;12223080;13969234;15715389
2021-06-08;750000;1700000;2312463;4624927;715604;1431209;4221429;8442857;906593;1813187;1137363;2274725;10430815;17461543;10476926;12223080;13969234;15715389
2021-06-09;750000;1700000;2327848;4655696;723077;1446154;4250000;8500000;915385;1830769;1153846;2307692;10524002;17461543;10476926;12223080;13969234;15715389
2021-06-10;750000;1700000;2343233;4686465;730549;1461099;4278571;8557143;924176;1848352;1170330;2340659;10617189;17461543;10476926;12223080;13969234;15715389
2021-06-11;750000;1700000;2358617;4717235;738022;1476044;4307143;8614286;932967;1865934;1186813;2373626;10710376;17461543;10476926;12223080;13969234;15715389
2021-06-12;750000;1700000;2374002;4748004;745495;1490989;4335714;8671429;941758;1883516;1203297;2406593;10803562;17461543;10476926;12223080;13969234;15715389
2021-06-13;750000;1700000;2389387;4778773;752967;1505934;4364286;8728571;950549;1901099;1219780;2439560;10896749;17461543;10476926;12223080;13969234;15715389
2021-06-14;750000;1700000;2404771;4809542;760440;1520879;4392857;8785714;959341;1918681;1236264;2472527;10989936;17461543;10476926;12223080;13969234;15715389
2021-06-15;750000;1700000;2420156;4840312;767912;1535824;4421429;8842857;968132;1936264;1252747;2505495;11083123;17461543;10476926;12223080;13969234;15715389
2021-06-16;750000;1700000;2435540;4871081;775385;1550769;4450000;8900000;976923;1953846;1269231;2538462;11176310;17461543;10476926;12223080;13969234;15715389
2021-06-17;750000;1700000;2450925;4901850;782857;1565714;4478571;8957143;985714;1971429;1285714;2571429;11269496;17461543;10476926;12223080;13969234;15715389
2021-06-18;750000;1700000;2466310;4932619;790330;1580659;4507143;9014286;994505;1989011;1302198;2604396;11362683;17461543;10476926;12223080;13969234;15715389
2021-06-19;750000;1700000;2481694;4963388;797802;1595604;4535714;9071429;1003297;2006593;1318681;2637363;11455870;17461543;10476926;12223080;13969234;15715389
2021-06-20;750000;1700000;2497079;4994158;805275;1610549;4564286;9128571;1012088;2024176;1335165;2670330;11549057;17461543;10476926;12223080;13969234;15715389
2021-06-21;750000;1700000;2512463;5024927;812747;1625495;4592857;9185714;1020879;2041758;1351648;2703297;11642244;17461543;10476926;12223080;13969234;15715389
2021-06-22;750000;1700000;2527848;5055696;820220;1640440;4621429;9242857;1029670;2059341;1368132;2736264;11735430;17461543;10476926;12223080;13969234;15715389
2021-06-23;750000;1700000;2543233;5086465;827692;1655385;4650000;9300000;1038462;2076923;1384615;2769231;11828617;17461543;10476926;12223080;13969234;15715389
2021-06-24;750000;1700000;2558617;5117235;835165;1670330;4678571;9357143;1047253;2094505;1401099;2802198;11921804;17461543;10476926;12223080;13969234;15715389
2021-06-25;750000;1700000;2574002;5148004;842637;1685275;4707143;9414286;1056044;2112088;1417582;2835165;12014991;17461543;10476926;12223080;13969234;15715389
2021-06-26;750000;1700000;2589387;5178773;850110;1700220;4735714;9471429;1064835;2129670;1434066;2868132;12108178;17461543;10476926;12223080;13969234;15715389
2021-06-27;750000;1700000;2604771;5209542;857582;1715165;4764286;9528571;1073626;2147253;1450549;2901099;12201365;17461543;10476926;12223080;13969234;15715389
2021-06-28;750000;1700000;2620156;5240312;865055;1730110;4792857;9585714;1082418;2164835;1467033;2934066;12294551;17461543;10476926;12223080;13969234;15715389
2021-06-29;750000;1700000;2635540;5271081;872527;1745055;4821429;9642857;1091209;2182418;1483516;2967033;12387738;17461543;10476926;12223080;13969234;15715389
2021-06-30;750000;1700000;2650925;5301850;880000;1760000;4850000;9700000;1100000;2200000;1500000;3000000;12480925;17461543;10476926;12223080;13969234;15715389
2021-07-01;750000;1700000;2667773;5335546;887391;1774783;4860870;9721739;1110870;2221739;1532609;3065217;12592121;17461543;10476926;12223080;13969234;15715389
2021-07-02;750000;1700000;2684621;5369241;894783;1789565;4871739;9743478;1121739;2243478;1565217;3130435;12703316;17461543;10476926;12223080;13969234;15715389
2021-07-03;750000;1700000;2701468;5402937;902174;1804348;4882609;9765217;1132609;2265217;1597826;3195652;12814512;17461543;10476926;12223080;13969234;15715389
2021-07-04;750000;1700000;2718316;5436633;909565;1819130;4893478;9786957;1143478;2286957;1630435;3260870;12925708;17461543;10476926;12223080;13969234;15715389
2021-07-05;750000;1700000;2735164;5470328;916957;1833913;4904348;9808696;1154348;2308696;1663043;3326087;13036903;17461543;10476926;12223080;13969234;15715389
2021-07-06;750000;1700000;2752012;5504024;924348;1848696;4915217;9830435;1165217;2330435;1695652;3391304;13148099;17461543;10476926;12223080;13969234;15715389
2021-07-07;750000;1700000;2768860;5537720;931739;1863478;4926087;9852174;1176087;2352174;1728261;3456522;13259295;17461543;10476926;12223080;13969234;15715389
2021-07-08;750000;1700000;2785708;5571415;939130;1878261;4936957;9873913;1186957;2373913;1760870;3521739;13370490;17461543;10476926;12223080;13969234;15715389
2021-07-09;750000;1700000;2802555;5605111;946522;1893043;4947826;9895652;1197826;2395652;1793478;3586957;13481686;17461543;10476926;12223080;13969234;15715389
2021-07-10;750000;1700000;2819403;5638807;953913;1907826;4958696;9917391;1208696;2417391;1826087;3652174;13592882;17461543;10476926;12223080;13969234;15715389
2021-07-11;750000;1700000;2836251;5672502;961304;1922609;4969565;9939130;1219565;2439130;1858696;3717391;13704077;17461543;10476926;12223080;13969234;15715389
2021-07-12;750000;1700000;2853099;5706198;968696;1937391;4980435;9960870;1230435;2460870;1891304;3782609;13815273;17461543;10476926;12223080;13969234;15715389
2021-07-13;750000;1700000;2869947;5739893;976087;1952174;4991304;9982609;1241304;2482609;1923913;3847826;13926468;17461543;10476926;12223080;13969234;15715389
2021-07-14;750000;1700000;2886795;5773589;983478;1966957;5002174;10004348;1252174;2504348;1956522;3913043;14037664;17461543;10476926;12223080;13969234;15715389
2021-07-15;750000;1700000;2903642;5807285;990870;1981739;5013043;10026087;1263043;2526087;1989130;3978261;14148860;17461543;10476926;12223080;13969234;15715389
2021-07-16;750000;1700000;2920490;5840980;998261;1996522;5023913;10047826;1273913;2547826;2021739;4043478;14260055;17461543;10476926;12223080;13969234;15715389
2021-07-17;750000;1700000;2937338;5874676;1005652;2011304;5034783;10069565;1284783;2569565;2054348;4108696;14371251;17461543;10476926;12223080;13969234;15715389
2021-07-18;750000;1700000;2954186;5908372;1013043;2026087;5045652;10091304;1295652;2591304;2086957;4173913;14482447;17461543;10476926;12223080;13969234;15715389
2021-07-19;750000;1700000;2971034;5942067;1020435;2040870;5056522;10113043;1306522;2613043;2119565;4239130;14593642;17461543;10476926;12223080;13969234;15715389
2021-07-20;750000;1700000;2987882;5975763;1027826;2055652;5067391;10134783;1317391;2634783;2152174;4304348;14704838;17461543;10476926;12223080;13969234;15715389
2021-07-21;750000;1700000;3004729;6009459;1035217;2070435;5078261;10156522;1328261;2656522;2184783;4369565;14816034;17461543;10476926;12223080;13969234;15715389
2021-07-22;750000;1700000;3021577;6043154;1042609;2085217;5089130;10178261;1339130;2678261;2217391;4434783;14927229;17461543;10476926;12223080;13969234;15715389
2021-07-23;750000;1700000;3038425;6076850;1050000;2100000;5100000;10200000;1350000;2700000;2250000;4500000;15038425;17461543;10476926;12223080;13969234;15715389
2021-07-24;750000;1700000;3055273;6110546;1057391;2114783;5110870;10221739;1360870;2721739;2282609;4565217;15149621;17461543;10476926;12223080;13969234;15715389
2021-07-25;750000;1700000;3072121;6144241;1064783;2129565;5121739;10243478;1371739;2743478;2315217;4630435;15260816;17461543;10476926;12223080;13969234;15715389
2021-07-26;750000;1700000;3088968;6177937;1072174;2144348;5132609;10265217;1382609;2765217;2347826;4695652;15372012;17461543;10476926;12223080;13969234;15715389
2021-07-27;750000;1700000;3105816;6211633;1079565;2159130;5143478;10286957;1393478;2786957;2380435;4760870;15483208;17461543;10476926;12223080;13969234;15715389
2021-07-28;750000;1700000;3122664;6245328;1086957;2173913;5154348;10308696;1404348;2808696;2413043;4826087;15594403;17461543;10476926;12223080;13969234;15715389
2021-07-29;750000;1700000;3139512;6279024;1094348;2188696;5165217;10330435;1415217;2830435;2445652;4891304;15705599;17461543;10476926;12223080;13969234;15715389
2021-07-30;750000;1700000;3156360;6312720;1101739;2203478;5176087;10352174;1426087;2852174;2478261;4956522;15816795;17461543;10476926;12223080;13969234;15715389
2021-07-31;750000;1700000;3173208;6346415;1109130;2218261;5186957;10373913;1436957;2873913;2510870;5021739;15927990;17461543;10476926;12223080;13969234;15715389
2021-08-01;750000;1700000;3190055;6380111;1116522;2233043;5197826;10395652;1447826;2895652;2543478;5086957;16039186;17461543;10476926;12223080;13969234;15715389
2021-08-02;750000;1700000;3206903;6413807;1123913;2247826;5208696;10417391;1458696;2917391;2576087;5152174;16150382;17461543;10476926;12223080;13969234;15715389
2021-08-03;750000;1700000;3223751;6447502;1131304;2262609;5219565;10439130;1469565;2939130;2608696;5217391;16261577;17461543;10476926;12223080;13969234;15715389
2021-08-04;750000;1700000;3240599;6481198;1138696;2277391;5230435;10460870;1480435;2960870;2641304;5282609;16372773;17461543;10476926;12223080;13969234;15715389
2021-08-05;750000;1700000;3257447;6514893;1146087;2292174;5241304;10482609;1491304;2982609;2673913;5347826;16483968;17461543;10476926;12223080;13969234;15715389
2021-08-06;750000;1700000;3274295;6548589;1153478;2306957;5252174;10504348;1502174;3004348;2706522;5413043;16595164;17461543;10476926;12223080;13969234;15715389
2021-08-07;750000;1700000;3291142;6582285;1160870;2321739;5263043;10526087;1513043;3026087;2739130;5478261;16706360;17461543;10476926;12223080;13969234;15715389
2021-08-08;750000;1700000;3307990;6615980;1168261;2336522;5273913;10547826;1523913;3047826;2771739;5543478;16817555;17461543;10476926;12223080;13969234;15715389
2021-08-09;750000;1700000;3324838;6649676;1175652;2351304;5284783;10569565;1534783;3069565;2804348;5608696;16928751;17461543;10476926;12223080;13969234;15715389
2021-08-10;750000;1700000;3341686;6683372;1183043;2366087;5295652;10591304;1545652;3091304;2836957;5673913;17039947;17461543;10476926;12223080;13969234;15715389
2021-08-11;750000;1700000;3358534;6717067;1190435;2380870;5306522;10613043;1556522;3113043;2869565;5739130;17151142;17461543;10476926;12223080;13969234;15715389
2021-08-12;750000;1700000;3375382;6750763;1197826;2395652;5317391;10634783;1567391;3134783;2902174;5804348;17262338;17461543;10476926;12223080;13969234;15715389
2021-08-13;750000;1700000;3392229;6784459;1205217;2410435;5328261;10656522;1578261;3156522;2934783;5869565;17373534;17461543;10476926;12223080;13969234;15715389
2021-08-14;750000;1700000;3409077;6818154;1212609;2425217;5339130;10678261;1589130;3178261;2967391;5934783;17484729;17461543;10476926;12223080;13969234;15715389
2021-08-15;750000;1700000;3425925;6851850;1220000;2440000;5350000;10700000;1600000;3200000;3000000;6000000;17595925;17461543;10476926;12223080;13969234;15715389
2021-08-16;750000;1700000;3442773;6885546;1227391;2454783;5360870;10721739;1610870;3221739;3032609;6065217;17707121;17461543;10476926;12223080;13969234;15715389
2021-08-17;750000;1700000;3459621;6919241;1234783;2469565;5371739;10743478;1621739;3243478;3065217;6130435;17818316;17461543;10476926;12223080;13969234;15715389
2021-08-18;750000;1700000;3476468;6952937;1242174;2484348;5382609;10765217;1632609;3265217;3097826;6195652;17929512;17461543;10476926;12223080;13969234;15715389
2021-08-19;750000;1700000;3493316;6986633;1249565;2499130;5393478;10786957;1643478;3286957;3130435;6260870;18040708;17461543;10476926;12223080;13969234;15715389
2021-08-20;750000;1700000;3510164;7020328;1256957;2513913;5404348;10808696;1654348;3308696;3163043;6326087;18151903;17461543;10476926;12223080;13969234;15715389
2021-08-21;750000;1700000;3527012;7054024;1264348;2528696;5415217;10830435;1665217;3330435;3195652;6391304;18263099;17461543;10476926;12223080;13969234;15715389
2021-08-22;750000;1700000;3543860;7087720;1271739;2543478;5426087;10852174;1676087;3352174;3228261;6456522;18374295;17461543;10476926;12223080;13969234;15715389
2021-08-23;750000;1700000;3560708;7121415;1279130;2558261;5436957;10873913;1686957;3373913;3260870;6521739;18485490;17461543;10476926;12223080;13969234;15715389
2021-08-24;750000;1700000;3577555;7155111;1286522;2573043;5447826;10895652;1697826;3395652;3293478;6586957;18596686;17461543;10476926;12223080;13969234;15715389
2021-08-25;750000;1700000;3594403;7188807;1293913;2587826;5458696;10917391;1708696;3417391;3326087;6652174;18707882;17461543;10476926;12223080;13969234;15715389
2021-08-26;750000;1700000;3611251;7222502;1301304;2602609;5469565;10939130;1719565;3439130;3358696;6717391;18819077;17461543;10476926;12223080;13969234;15715389
2021-08-27;750000;1700000;3628099;7256198;1308696;2617391;5480435;10960870;1730435;3460870;3391304;6782609;18930273;17461543;10476926;12223080;13969234;15715389
2021-08-28;750000;1700000;3644947;7289893;1316087;2632174;5491304;10982609;1741304;3482609;3423913;6847826;19041468;17461543;10476926;12223080;13969234;15715389
2021-08-29;750000;1700000;3661795;7323589;1323478;2646957;5502174;11004348;1752174;3504348;3456522;6913043;19152664;17461543;10476926;12223080;13969234;15715389
2021-08-30;750000;1700000;3678642;7357285;1330870;2661739;5513043;11026087;1763043;3526087;3489130;6978261;19263860;17461543;10476926;12223080;13969234;15715389
2021-08-31;750000;1700000;3695490;7390980;1338261;2676522;5523913;11047826;1773913;3547826;3521739;7043478;19375055;17461543;10476926;12223080;13969234;15715389
2021-09-01;750000;1700000;3712338;7424676;1345652;2691304;5534783;11069565;1784783;3569565;3554348;7108696;19486251;17461543;10476926;12223080;13969234;15715389
2021-09-02;750000;1700000;3729186;7458372;1353043;2706087;5545652;11091304;1795652;3591304;3586957;7173913;19597447;17461543;10476926;12223080;13969234;15715389
2021-09-03;750000;1700000;3746034;7492067;1360435;2720870;5556522;11113043;1806522;3613043;3619565;7239130;19708642;17461543;10476926;12223080;13969234;15715389
2021-09-04;750000;1700000;3762882;7525763;1367826;2735652;5567391;11134783;1817391;3634783;3652174;7304348;19819838;17461543;10476926;12223080;13969234;15715389
2021-09-05;750000;1700000;3779729;7559459;1375217;2750435;5578261;11156522;1828261;3656522;3684783;7369565;19931034;17461543;10476926;12223080;13969234;15715389
2021-09-06;750000;1700000;3796577;7593154;1382609;2765217;5589130;11178261;1839130;3678261;3717391;7434783;20042229;17461543;10476926;12223080;13969234;15715389
2021-09-07;750000;1700000;3813425;7626850;1390000;2780000;5600000;11200000;1850000;3700000;3750000;7500000;20153425;17461543;10476926;12223080;13969234;15715389
2021-09-08;750000;1700000;3830273;7660546;1397391;2794783;5610870;11221739;1860870;3721739;3782609;7565217;20264621;17461543;10476926;12223080;13969234;15715389
2021-09-09;750000;1700000;3847121;7694241;1404783;2809565;5621739;11243478;1871739;3743478;3815217;7630435;20375816;17461543;10476926;12223080;13969234;15715389
2021-09-10;750000;1700000;3863968;7727937;1412174;2824348;5632609;11265217;1882609;3765217;3847826;7695652;20487012;17461543;10476926;12223080;13969234;15715389
2021-09-11;750000;1700000;3880816;7761633;1419565;2839130;5643478;11286957;1893478;3786957;3880435;7760870;20598208;17461543;10476926;12223080;13969234;15715389
2021-09-12;750000;1700000;3897664;7795328;1426957;2853913;5654348;11308696;1904348;3808696;3913043;7826087;20709403;17461543;10476926;12223080;13969234;15715389
2021-09-13;750000;1700000;3914512;7829024;1434348;2868696;5665217;11330435;1915217;3830435;3945652;7891304;20820599;17461543;10476926;12223080;13969234;15715389
2021-09-14;750000;1700000;3931360;7862720;1441739;2883478;5676087;11352174;1926087;3852174;3978261;7956522;20931795;17461543;10476926;12223080;13969234;15715389
2021-09-15;750000;1700000;3948208;7896415;1449130;2898261;5686957;11373913;1936957;3873913;4010870;8021739;21042990;17461543;10476926;12223080;13969234;15715389
2021-09-16;750000;1700000;3965055;7930111;1456522;2913043;5697826;11395652;1947826;3895652;4043478;8086957;21154186;17461543;10476926;12223080;13969234;15715389
2021-09-17;750000;1700000;3981903;7963807;1463913;2927826;5708696;11417391;1958696;3917391;4076087;8152174;21265382;17461543;10476926;12223080;13969234;15715389
2021-09-18;750000;1700000;3998751;7997502;1471304;2942609;5719565;11439130;1969565;3939130;4108696;8217391;21376577;17461543;10476926;12223080;13969234;15715389
2021-09-19;750000;1700000;4015599;8031198;1478696;2957391;5730435;11460870;1980435;3960870;4141304;8282609;21487773;17461543;10476926;12223080;13969234;15715389
2021-09-20;750000;1700000;4032447;8064893;1486087;2972174;5741304;11482609;1991304;3982609;4173913;8347826;21598968;17461543;10476926;12223080;13969234;15715389
2021-09-21;750000;1700000;4049295;8098589;1493478;2986957;5752174;11504348;2002174;4004348;4206522;8413043;21710164;17461543;10476926;12223080;13969234;15715389
2021-09-22;750000;1700000;4066142;8132285;1500870;3001739;5763043;11526087;2013043;4026087;4239130;8478261;21821360;17461543;10476926;12223080;13969234;15715389
2021-09-23;750000;1700000;4082990;8165980;1508261;3016522;5773913;11547826;2023913;4047826;4271739;8543478;21932555;17461543;10476926;12223080;13969234;15715389
2021-09-24;750000;1700000;4099838;8199676;1515652;3031304;5784783;11569565;2034783;4069565;4304348;8608696;22043751;17461543;10476926;12223080;13969234;15715389
2021-09-25;750000;1700000;4116686;8233372;1523043;3046087;5795652;11591304;2045652;4091304;4336957;8673913;22154947;17461543;10476926;12223080;13969234;15715389
2021-09-26;750000;1700000;4133534;8267067;1530435;3060870;5806522;11613043;2056522;4113043;4369565;8739130;22266142;17461543;10476926;12223080;13969234;15715389
2021-09-27;750000;1700000;4150382;8300763;1537826;3075652;5817391;11634783;2067391;4134783;4402174;8804348;22377338;17461543;10476926;12223080;13969234;15715389
2021-09-28;750000;1700000;4167229;8334459;1545217;3090435;5828261;11656522;2078261;4156522;4434783;8869565;22488534;17461543;10476926;12223080;13969234;15715389
2021-09-29;750000;1700000;4184077;8368154;1552609;3105217;5839130;11678261;2089130;4178261;4467391;8934783;22599729;17461543;10476926;12223080;13969234;15715389
2021-09-30;750000;1700000;4200925;8401850;1560000;3120000;5850000;11700000;2100000;4200000;4500000;9000000;22710925;17461543;10476926;12223080;13969234;15715389
2021-10-01;750000;1700000;4200925;8401850;1576848;3153696;5850000;11700000;2111957;4223913;4512500;9025000;22764729;17461543;10476926;12223080;13969234;15715389
2021-10-02;750000;1700000;4200925;8401850;1593696;3187391;5850000;11700000;2123913;4247826;4525000;9050000;22818534;17461543;10476926;12223080;13969234;15715389
2021-10-03;750000;1700000;4200925;8401850;1610543;3221087;5850000;11700000;2135870;4271739;4537500;9075000;22872338;17461543;10476926;12223080;13969234;15715389
2021-10-04;750000;1700000;4200925;8401850;1627391;3254783;5850000;11700000;2147826;4295652;4550000;9100000;22926142;17461543;10476926;12223080;13969234;15715389
2021-10-05;750000;1700000;4200925;8401850;1644239;3288478;5850000;11700000;2159783;4319565;4562500;9125000;22979947;17461543;10476926;12223080;13969234;15715389
2021-10-06;750000;1700000;4200925;8401850;1661087;3322174;5850000;11700000;2171739;4343478;4575000;9150000;23033751;17461543;10476926;12223080;13969234;15715389
2021-10-07;750000;1700000;4200925;8401850;1677935;3355870;5850000;11700000;2183696;4367391;4587500;9175000;23087555;17461543;10476926;12223080;13969234;15715389
2021-10-08;750000;1700000;4200925;8401850;1694783;3389565;5850000;11700000;2195652;4391304;4600000;9200000;23141360;17461543;10476926;12223080;13969234;15715389
2021-10-09;750000;1700000;4200925;8401850;1711630;3423261;5850000;11700000;2207609;4415217;4612500;9225000;23195164;17461543;10476926;12223080;13969234;15715389
2021-10-10;750000;1700000;4200925;8401850;1728478;3456957;5850000;11700000;2219565;4439130;4625000;9250000;23248968;17461543;10476926;12223080;13969234;15715389
2021-10-11;750000;1700000;4200925;8401850;1745326;3490652;5850000;11700000;2231522;4463043;4637500;9275000;23302773;17461543;10476926;12223080;13969234;15715389
2021-10-12;750000;1700000;4200925;8401850;1762174;3524348;5850000;11700000;2243478;4486957;4650000;9300000;23356577;17461543;10476926;12223080;13969234;15715389
2021-10-13;750000;1700000;4200925;8401850;1779022;3558043;5850000;11700000;2255435;4510870;4662500;9325000;23410382;17461543;10476926;12223080;13969234;15715389
2021-10-14;750000;1700000;4200925;8401850;1795870;3591739;5850000;11700000;2267391;4534783;4675000;9350000;23464186;17461543;10476926;12223080;13969234;15715389
2021-10-15;750000;1700000;4200925;8401850;1812717;3625435;5850000;11700000;2279348;4558696;4687500;9375000;23517990;17461543;10476926;12223080;13969234;15715389
2021-10-16;750000;1700000;4200925;8401850;1829565;3659130;5850000;11700000;2291304;4582609;4700000;9400000;23571795;17461543;10476926;12223080;13969234;15715389
2021-10-17;750000;1700000;4200925;8401850;1846413;3692826;5850000;11700000;2303261;4606522;4712500;9425000;23625599;17461543;10476926;12223080;13969234;15715389
2021-10-18;750000;1700000;4200925;8401850;1863261;3726522;5850000;11700000;2315217;4630435;4725000;9450000;23679403;17461543;10476926;12223080;13969234;15715389
2021-10-19;750000;1700000;4200925;8401850;1880109;3760217;5850000;11700000;2327174;4654348;4737500;9475000;23733208;17461543;10476926;12223080;13969234;15715389
2021-10-20;750000;1700000;4200925;8401850;1896957;3793913;5850000;11700000;2339130;4678261;4750000;9500000;23787012;17461543;10476926;12223080;13969234;15715389
2021-10-21;750000;1700000;4200925;8401850;1913804;3827609;5850000;11700000;2351087;4702174;4762500;9525000;23840816;17461543;10476926;12223080;13969234;15715389
2021-10-22;750000;1700000;4200925;8401850;1930652;3861304;5850000;11700000;2363043;4726087;4775000;9550000;23894621;17461543;10476926;12223080;13969234;15715389
2021-10-23;750000;1700000;4200925;8401850;1947500;3895000;5850000;11700000;2375000;4750000;4787500;9575000;23948425;17461543;10476926;12223080;13969234;15715389
2021-10-24;750000;1700000;4200925;8401850;1964348;3928696;5850000;11700000;2386957;4773913;4800000;9600000;24002229;17461543;10476926;12223080;13969234;15715389
2021-10-25;750000;1700000;4200925;8401850;1981196;3962391;5850000;11700000;2398913;4797826;4812500;9625000;24056034;17461543;10476926;12223080;13969234;15715389
2021-10-26;750000;1700000;4200925;8401850;1998043;3996087;5850000;11700000;2410870;4821739;4825000;9650000;24109838;17461543;10476926;12223080;13969234;15715389
2021-10-27;750000;1700000;4200925;8401850;2014891;4029783;5850000;11700000;2422826;4845652;4837500;9675000;24163642;17461543;10476926;12223080;13969234;15715389
2021-10-28;750000;1700000;4200925;8401850;2031739;4063478;5850000;11700000;2434783;4869565;4850000;9700000;24217447;17461543;10476926;12223080;13969234;15715389
2021-10-29;750000;1700000;4200925;8401850;2048587;4097174;5850000;11700000;2446739;4893478;4862500;9725000;24271251;17461543;10476926;12223080;13969234;15715389
2021-10-30;750000;1700000;4200925;8401850;2065435;4130870;5850000;11700000;2458696;4917391;4875000;9750000;24325055;17461543;10476926;12223080;13969234;15715389
2021-10-31;750000;1700000;4200925;8401850;2082283;4164565;5850000;11700000;2470652;4941304;4887500;9775000;24378860;17461543;10476926;12223080;13969234;15715389
2021-11-01;750000;1700000;4200925;8401850;2099130;4198261;5850000;11700000;2482609;4965217;4900000;9800000;24432664;17461543;10476926;12223080;13969234;15715389
2021-11-02;750000;1700000;4200925;8401850;2115978;4231957;5850000;11700000;2494565;4989130;4912500;9825000;24486468;17461543;10476926;12223080;13969234;15715389
2021-11-03;750000;1700000;4200925;8401850;2132826;4265652;5850000;11700000;2506522;5013043;4925000;9850000;24540273;17461543;10476926;12223080;13969234;15715389
2021-11-04;750000;1700000;4200925;8401850;2149674;4299348;5850000;11700000;2518478;5036957;4937500;9875000;24594077;17461543;10476926;12223080;13969234;15715389
2021-11-05;750000;1700000;4200925;8401850;2166522;4333043;5850000;11700000;2530435;5060870;4950000;9900000;24647882;17461543;10476926;12223080;13969234;15715389
2021-11-06;750000;1700000;4200925;8401850;2183370;4366739;5850000;11700000;2542391;5084783;4962500;9925000;24701686;17461543;10476926;12223080;13969234;15715389
2021-11-07;750000;1700000;4200925;8401850;2200217;4400435;5850000;11700000;2554348;5108696;4975000;9950000;24755490;17461543;10476926;12223080;13969234;15715389
2021-11-08;750000;1700000;4200925;8401850;2217065;4434130;5850000;11700000;2566304;5132609;4987500;9975000;24809295;17461543;10476926;12223080;13969234;15715389
2021-11-09;750000;1700000;4200925;8401850;2233913;4467826;5850000;11700000;2578261;5156522;5000000;10000000;24863099;17461543;10476926;12223080;13969234;15715389
2021-11-10;750000;1700000;4200925;8401850;2250761;4501522;5850000;11700000;2590217;5180435;5012500;10025000;24916903;17461543;10476926;12223080;13969234;15715389
2021-11-11;750000;1700000;4200925;8401850;2267609;4535217;5850000;11700000;2602174;5204348;5025000;10050000;24970708;17461543;10476926;12223080;13969234;15715389
2021-11-12;750000;1700000;4200925;8401850;2284457;4568913;5850000;11700000;2614130;5228261;5037500;10075000;25024512;17461543;10476926;12223080;13969234;15715389
2021-11-13;750000;1700000;4200925;8401850;2301304;4602609;5850000;11700000;2626087;5252174;5050000;10100000;25078316;17461543;10476926;12223080;13969234;15715389
2021-11-14;750000;1700000;4200925;8401850;2318152;4636304;5850000;11700000;2638043;5276087;5062500;10125000;25132121;17461543;10476926;12223080;13969234;15715389
2021-11-15;750000;1700000;4200925;8401850;2335000;4670000;5850000;11700000;2650000;5300000;5075000;10150000;25185925;17461543;10476926;12223080;13969234;15715389
2021-11-16;750000;1700000;4200925;8401850;2351848;4703696;5850000;11700000;2661957;5323913;5087500;10175000;25239729;17461543;10476926;12223080;13969234;15715389
2021-11-17;750000;1700000;4200925;8401850;2368696;4737391;5850000;11700000;2673913;5347826;5100000;10200000;25293534;17461543;10476926;12223080;13969234;15715389
2021-11-18;750000;1700000;4200925;8401850;2385543;4771087;5850000;11700000;2685870;5371739;5112500;10225000;25347338;17461543;10476926;12223080;13969234;15715389
2021-11-19;750000;1700000;4200925;8401850;2402391;4804783;5850000;11700000;2697826;5395652;5125000;10250000;25401142;17461543;10476926;12223080;13969234;15715389
2021-11-20;750000;1700000;4200925;8401850;2419239;4838478;5850000;11700000;2709783;5419565;5137500;10275000;25454947;17461543;10476926;12223080;13969234;15715389
2021-11-21;750000;1700000;4200925;8401850;2436087;4872174;5850000;11700000;2721739;5443478;5150000;10300000;25508751;17461543;10476926;12223080;13969234;15715389
2021-11-22;750000;1700000;4200925;8401850;2452935;4905870;5850000;11700000;2733696;5467391;5162500;10325000;25562555;17461543;10476926;12223080;13969234;15715389
2021-11-23;750000;1700000;4200925;8401850;2469783;4939565;5850000;11700000;2745652;5491304;5175000;10350000;25616360;17461543;10476926;12223080;13969234;15715389
2021-11-24;750000;1700000;4200925;8401850;2486630;4973261;5850000;11700000;2757609;5515217;5187500;10375000;25670164;17461543;10476926;12223080;13969234;15715389
2021-11-25;750000;1700000;4200925;8401850;2503478;5006957;5850000;11700000;2769565;5539130;5200000;10400000;25723968;17461543;10476926;12223080;13969234;15715389
2021-11-26;750000;1700000;4200925;8401850;2520326;5040652;5850000;11700000;2781522;5563043;5212500;10425000;25777773;17461543;10476926;12223080;13969234;15715389
2021-11-27;750000;1700000;4200925;8401850;2537174;5074348;5850000;11700000;2793478;5586957;5225000;10450000;25831577;17461543;10476926;12223080;13969234;15715389
2021-11-28;750000;1700000;4200925;8401850;2554022;5108043;5850000;11700000;2805435;5610870;5237500;10475000;25885382;17461543;10476926;12223080;13969234;15715389
2021-11-29;750000;1700000;4200925;8401850;2570870;5141739;5850000;11700000;2817391;5634783;5250000;10500000;25939186;17461543;10476926;12223080;13969234;15715389
2021-11-30;750000;1700000;4200925;8401850;2587717;5175435;5850000;11700000;2829348;5658696;5262500;10525000;25992990;17461543;10476926;12223080;13969234;15715389
2021-12-01;750000;1700000;4200925;8401850;2604565;5209130;5850000;11700000;2841304;5682609;5275000;10550000;26046795;17461543;10476926;12223080;13969234;15715389
2021-12-02;750000;1700000;4200925;8401850;2621413;5242826;5850000;11700000;2853261;5706522;5287500;10575000;26100599;17461543;10476926;12223080;13969234;15715389
2021-12-03;750000;1700000;4200925;8401850;2638261;5276522;5850000;11700000;2865217;5730435;5300000;10600000;26154403;17461543;10476926;12223080;13969234;15715389
2021-12-04;750000;1700000;4200925;8401850;2655109;5310217;5850000;11700000;2877174;5754348;5312500;10625000;26208208;17461543;10476926;12223080;13969234;15715389
2021-12-05;750000;1700000;4200925;8401850;2671957;5343913;5850000;11700000;2889130;5778261;5325000;10650000;26262012;17461543;10476926;12223080;13969234;15715389
2021-12-06;750000;1700000;4200925;8401850;2688804;5377609;5850000;11700000;2901087;5802174;5337500;10675000;26315816;17461543;10476926;12223080;13969234;15715389
2021-12-07;750000;1700000;4200925;8401850;2705652;5411304;5850000;11700000;2913043;5826087;5350000;10700000;26369621;17461543;10476926;12223080;13969234;15715389
2021-12-08;750000;1700000;4200925;8401850;2722500;5445000;5850000;11700000;2925000;5850000;5362500;10725000;26423425;17461543;10476926;12223080;13969234;15715389
2021-12-09;750000;1700000;4200925;8401850;2739348;5478696;5850000;11700000;2936957;5873913;5375000;10750000;26477229;17461543;10476926;12223080;13969234;15715389
2021-12-10;750000;1700000;4200925;8401850;2756196;5512391;5850000;11700000;2948913;5897826;5387500;10775000;26531034;17461543;10476926;12223080;13969234;15715389
2021-12-11;750000;1700000;4200925;8401850;2773043;5546087;5850000;11700000;2960870;5921739;5400000;10800000;26584838;17461543;10476926;12223080;13969234;15715389
2021-12-12;750000;1700000;4200925;8401850;2789891;5579783;5850000;11700000;2972826;5945652;5412500;10825000;26638642;17461543;10476926;12223080;13969234;15715389
2021-12-13;750000;1700000;4200925;8401850;2806739;5613478;5850000;11700000;2984783;5969565;5425000;10850000;26692447;17461543;10476926;12223080;13969234;15715389
2021-12-14;750000;1700000;4200925;8401850;2823587;5647174;5850000;11700000;2996739;5993478;5437500;10875000;26746251;17461543;10476926;12223080;13969234;15715389
2021-12-15;750000;1700000;4200925;8401850;2840435;5680870;5850000;11700000;3008696;6017391;5450000;10900000;26800055;17461543;10476926;12223080;13969234;15715389
2021-12-16;750000;1700000;4200925;8401850;2857283;5714565;5850000;11700000;3020652;6041304;5462500;10925000;26853860;17461543;10476926;12223080;13969234;15715389
2021-12-17;750000;1700000;4200925;8401850;2874130;5748261;5850000;11700000;3032609;6065217;5475000;10950000;26907664;17461543;10476926;12223080;13969234;15715389
2021-12-18;750000;1700000;4200925;8401850;2890978;5781957;5850000;11700000;3044565;6089130;5487500;10975000;26961468;17461543;10476926;12223080;13969234;15715389
2021-12-19;750000;1700000;4200925;8401850;2907826;5815652;5850000;11700000;3056522;6113043;5500000;11000000;27015273;17461543;10476926;12223080;13969234;15715389
2021-12-20;750000;1700000;4200925;8401850;2924674;5849348;5850000;11700000;3068478;6136957;5512500;11025000;27069077;17461543;10476926;12223080;13969234;15715389
2021-12-21;750000;1700000;4200925;8401850;2941522;5883043;5850000;11700000;3080435;6160870;5525000;11050000;27122882;17461543;10476926;12223080;13969234;15715389
2021-12-22;750000;1700000;4200925;8401850;2958370;5916739;5850000;11700000;3092391;6184783;5537500;11075000;27176686;17461543;10476926;12223080;13969234;15715389
2021-12-23;750000;1700000;4200925;8401850;2975217;5950435;5850000;11700000;3104348;6208696;5550000;11100000;27230490;17461543;10476926;12223080;13969234;15715389
2021-12-24;750000;1700000;4200925;8401850;2992065;5984130;5850000;11700000;3116304;6232609;5562500;11125000;27284295;17461543;10476926;12223080;13969234;15715389
2021-12-25;750000;1700000;4200925;8401850;3008913;6017826;5850000;11700000;3128261;6256522;5575000;11150000;27338099;17461543;10476926;12223080;13969234;15715389
2021-12-26;750000;1700000;4200925;8401850;3025761;6051522;5850000;11700000;3140217;6280435;5587500;11175000;27391903;17461543;10476926;12223080;13969234;15715389
2021-12-27;750000;1700000;4200925;8401850;3042609;6085217;5850000;11700000;3152174;6304348;5600000;11200000;27445708;17461543;10476926;12223080;13969234;15715389
2021-12-28;750000;1700000;4200925;8401850;3059457;6118913;5850000;11700000;3164130;6328261;5612500;11225000;27499512;17461543;10476926;12223080;13969234;15715389
2021-12-29;750000;1700000;4200925;8401850;3076304;6152609;5850000;11700000;3176087;6352174;5625000;11250000;27553316;17461543;10476926;12223080;13969234;15715389
2021-12-30;750000;1700000;4200925;8401850;3093152;6186304;5850000;11700000;3188043;6376087;5637500;11275000;27607121;17461543;10476926;12223080;13969234;15715389
2021-12-31;750000;1700000;4200925;8401850;3110000;6220000;5850000;11700000;3200000;6400000;5650000;11300000;27660925;17461543;10476926;12223080;13969234;15715389
2022-01-01;750000;1700000;4200925;8401850;3110000;6220000;5850000;11700000;3357143;6714286;5650000;11300000;27818068;17461543;10476926;12223080;13969234;15715389
2022-01-02;750000;1700000;4200925;8401850;3110000;6220000;5850000;11700000;3514286;7028571;5650000;11300000;27975211;17461543;10476926;12223080;13969234;15715389
2022-01-03;750000;1700000;4200925;8401850;3110000;6220000;5850000;11700000;3671429;7342857;5650000;11300000;28132354;17461543;10476926;12223080;13969234;15715389
2022-01-04;750000;1700000;4200925;8401850;3110000;6220000;5850000;11700000;3828571;7657143;5650000;11300000;28289496;17461543;10476926;12223080;13969234;15715389
2022-01-05;750000;1700000;4200925;8401850;3110000;6220000;5850000;11700000;3985714;7971429;5650000;11300000;28446639;17461543;10476926;12223080;13969234;15715389
2022-01-06;750000;1700000;4200925;8401850;3110000;6220000;5850000;11700000;4142857;8285714;5650000;11300000;28603782;17461543;10476926;12223080;13969234;15715389
2022-01-07;750000;1700000;4200925;8401850;3110000;6220000;5850000;11700000;4300000;8600000;5650000;11300000;28760925;17461543;10476926;12223080;13969234;15715389
